split0_test_rmse,split1_test_rmse,split2_test_rmse,split3_test_rmse,mean_test_rmse,std_test_rmse,rank_test_rmse,mean_fit_time,std_fit_time,mean_test_time,std_test_time,params,param_n_factors,param_cache_ratings,param_n_epochs,param_lr_all,param_reg_all,param_reg_bu,param_reg_bi
0.9728973004043308,1.0778101346198625,1.1805686023713011,1.0647924277508323,1.0740171162865817,0.07361711454814818,198,1.788224697113037,0.028479545119920548,0.07736605405807495,0.014667476432039956,"{'n_factors': 1, 'cache_ratings': 'True', 'n_epochs': 567, 'lr_all': 0.0001, 'reg_all': 0.001, 'reg_bu': 0, 'reg_bi': 0}",1,True,567,0.0001,0.001,0,0
0.8587935427048038,0.9030000357910148,0.8630575238995507,0.8422101669263452,0.8667653173304287,0.022322674325072046,197,1.8343605399131775,0.04833700996759908,0.08288025856018066,0.006356961030652421,"{'n_factors': 1, 'cache_ratings': 'True', 'n_epochs': 567, 'lr_all': 0.00015000000000000001, 'reg_all': 0.001, 'reg_bu': 0, 'reg_bi': 0}",1,True,567,0.00015000000000000001,0.001,0,0
0.7725294038250312,0.7933009208618889,0.7984405154193538,0.776916317227787,0.7852967893335152,0.010840457812982285,196,1.8361784219741821,0.07108572656779065,0.07223272323608398,0.004163451209587564,"{'n_factors': 1, 'cache_ratings': 'True', 'n_epochs': 567, 'lr_all': 0.00020000000000000004, 'reg_all': 0.001, 'reg_bu': 0, 'reg_bi': 0}",1,True,567,0.00020000000000000004,0.001,0,0
0.7507247052081241,0.7551269125411215,0.7559693255425302,0.7235358672122977,0.7463392026260183,0.013315290569749423,194,1.7454881072044373,0.054902803403627305,0.07674515247344971,0.002907783088566628,"{'n_factors': 1, 'cache_ratings': 'True', 'n_epochs': 567, 'lr_all': 0.00025, 'reg_all': 0.001, 'reg_bu': 0, 'reg_bi': 0}",1,True,567,0.00025,0.001,0,0
0.7336946436770542,0.7435560327177888,0.8264108408315102,0.7108064643527692,0.7536169953947807,0.04367438771613782,195,1.7586260437965393,0.06253277854923779,0.07395410537719727,0.006698893816207709,"{'n_factors': 1, 'cache_ratings': 'True', 'n_epochs': 567, 'lr_all': 0.00030000000000000003, 'reg_all': 0.001, 'reg_bu': 0, 'reg_bi': 0}",1,True,567,0.00030000000000000003,0.001,0,0
0.7051768801213788,0.7238582307959265,0.7260491971204092,0.710754790474311,0.7164597746280064,0.00875420941673258,193,1.6936909556388855,0.033021692445206696,0.07050645351409912,0.0061563456535761365,"{'n_factors': 1, 'cache_ratings': 'True', 'n_epochs': 567, 'lr_all': 0.00035000000000000005, 'reg_all': 0.001, 'reg_bu': 0, 'reg_bi': 0}",1,True,567,0.00035000000000000005,0.001,0,0
0.6930070757803014,0.7620865245992778,0.7172969135267211,0.6924613733456402,0.716212971812985,0.02832053060638726,192,1.7457470297813416,0.07427299142350796,0.08111804723739624,0.017298280044502286,"{'n_factors': 1, 'cache_ratings': 'True', 'n_epochs': 567, 'lr_all': 0.0004000000000000001, 'reg_all': 0.001, 'reg_bu': 0, 'reg_bi': 0}",1,True,567,0.0004000000000000001,0.001,0,0
0.6861218231651115,0.7112076278324068,0.7114378141164491,0.6951865160136466,0.7009884452819035,0.01082011826920378,191,1.8025544881820679,0.07471320739676376,0.07927244901657104,0.0052747641774366985,"{'n_factors': 1, 'cache_ratings': 'True', 'n_epochs': 567, 'lr_all': 0.0004500000000000001, 'reg_all': 0.001, 'reg_bu': 0, 'reg_bi': 0}",1,True,567,0.0004500000000000001,0.001,0,0
0.6849163042057924,0.7060461824698305,0.7067057514062021,0.6819994479244474,0.6949169215015681,0.01150771947577212,190,1.746239185333252,0.015768633421168434,0.08735388517379761,0.0027656757850099607,"{'n_factors': 1, 'cache_ratings': 'True', 'n_epochs': 567, 'lr_all': 0.0005000000000000001, 'reg_all': 0.001, 'reg_bu': 0, 'reg_bi': 0}",1,True,567,0.0005000000000000001,0.001,0,0
0.6794543827150088,0.7015587637915481,0.7063835570786301,0.6799802943621422,0.6918442494868323,0.01224770879848179,189,1.878066897392273,0.02760416742945357,0.08773988485336304,0.008164712738740004,"{'n_factors': 1, 'cache_ratings': 'True', 'n_epochs': 567, 'lr_all': 0.0005500000000000001, 'reg_all': 0.001, 'reg_bu': 0, 'reg_bi': 0}",1,True,567,0.0005500000000000001,0.001,0,0
0.6807721216025261,0.6997454096725998,0.7023571899312705,0.6782495242345448,0.6902810613602353,0.010846480894333214,188,1.8806135058403015,0.016982487618691734,0.08510476350784302,0.0021859907144855645,"{'n_factors': 1, 'cache_ratings': 'True', 'n_epochs': 567, 'lr_all': 0.0006000000000000001, 'reg_all': 0.001, 'reg_bu': 0, 'reg_bi': 0}",1,True,567,0.0006000000000000001,0.001,0,0
0.6739486896660813,0.6978625866416535,0.7007277046382536,0.6775741840944829,0.6875282912601177,0.011879730673266985,186,1.880152940750122,0.024963840695089487,0.09067577123641968,0.01363240135124634,"{'n_factors': 1, 'cache_ratings': 'True', 'n_epochs': 567, 'lr_all': 0.0006500000000000001, 'reg_all': 0.001, 'reg_bu': 0, 'reg_bi': 0}",1,True,567,0.0006500000000000001,0.001,0,0
0.6723627715580337,0.6952592121885739,0.7020844510925496,0.6872617137679122,0.6892420371517674,0.011067579669223185,187,1.708547055721283,0.037242102184242835,0.08762121200561523,0.00827175703994881,"{'n_factors': 1, 'cache_ratings': 'True', 'n_epochs': 567, 'lr_all': 0.0007000000000000001, 'reg_all': 0.001, 'reg_bu': 0, 'reg_bi': 0}",1,True,567,0.0007000000000000001,0.001,0,0
0.6701187925246515,0.6955153533596147,0.6983793011838806,0.6742064825499633,0.6845549824045275,0.012517353441063769,185,1.7027379870414734,0.036517582690589,0.07642054557800293,0.007630411827169378,"{'n_factors': 1, 'cache_ratings': 'True', 'n_epochs': 567, 'lr_all': 0.0007500000000000001, 'reg_all': 0.001, 'reg_bu': 0, 'reg_bi': 0}",1,True,567,0.0007500000000000001,0.001,0,0
0.6700349370401251,0.6911602943062344,0.6991792237615627,0.6738310313524302,0.683551371615088,0.012034372497901761,183,1.7579036951065063,0.06949253228955761,0.09561753273010254,0.008355825330708277,"{'n_factors': 1, 'cache_ratings': 'True', 'n_epochs': 567, 'lr_all': 0.0008000000000000001, 'reg_all': 0.001, 'reg_bu': 0, 'reg_bi': 0}",1,True,567,0.0008000000000000001,0.001,0,0
0.6685400650446415,0.690891881672955,0.7000073027326847,0.6732159943432904,0.6831638109483928,0.012808583958400522,178,1.8165412545204163,0.02259196651428421,0.09400874376296997,0.009422038463757757,"{'n_factors': 1, 'cache_ratings': 'True', 'n_epochs': 567, 'lr_all': 0.0008500000000000002, 'reg_all': 0.001, 'reg_bu': 0, 'reg_bi': 0}",1,True,567,0.0008500000000000002,0.001,0,0
0.6674958968749716,0.6909881335969725,0.6963370875364243,0.6718418584395388,0.6816657441119768,0.012241819350215427,138,1.8671109080314636,0.05602831875499162,0.09133952856063843,0.02301797333444781,"{'n_factors': 1, 'cache_ratings': 'True', 'n_epochs': 567, 'lr_all': 0.0009000000000000002, 'reg_all': 0.001, 'reg_bu': 0, 'reg_bi': 0}",1,True,567,0.0009000000000000002,0.001,0,0
0.6668400594842981,0.6884616269478502,0.695639722815332,0.671785225691747,0.6806816587348068,0.011779303641709813,105,1.7934880256652832,0.12463429922475187,0.10898435115814209,0.02139878244354494,"{'n_factors': 1, 'cache_ratings': 'True', 'n_epochs': 567, 'lr_all': 0.0009500000000000001, 'reg_all': 0.001, 'reg_bu': 0, 'reg_bi': 0}",1,True,567,0.0009500000000000001,0.001,0,0
0.6677413101349723,0.6881935684498338,0.6944314207078137,0.6704740097964684,0.6802100772722721,0.011360500696618066,92,1.7860703468322754,0.060924606733468,0.08168035745620728,0.010921626529192329,"{'n_factors': 1, 'cache_ratings': 'True', 'n_epochs': 567, 'lr_all': 0.0010000000000000002, 'reg_all': 0.001, 'reg_bu': 0, 'reg_bi': 0}",1,True,567,0.0010000000000000002,0.001,0,0
0.6656958905045192,0.6879435918431187,0.6976204804607189,0.6703047710340156,0.680391183460593,0.012957381083757234,97,1.882159173488617,0.06027074854597589,0.09342855215072632,0.017085374457347587,"{'n_factors': 1, 'cache_ratings': 'True', 'n_epochs': 567, 'lr_all': 0.0010500000000000002, 'reg_all': 0.001, 'reg_bu': 0, 'reg_bi': 0}",1,True,567,0.0010500000000000002,0.001,0,0
0.664803896759683,0.6894642023737624,0.6972278787257796,0.6705246191923407,0.6805051492628914,0.013285844195901057,101,1.847980260848999,0.03473176653164222,0.07795238494873047,0.004459982348419599,"{'n_factors': 1, 'cache_ratings': 'True', 'n_epochs': 567, 'lr_all': 0.0011000000000000003, 'reg_all': 0.001, 'reg_bu': 0, 'reg_bi': 0}",1,True,567,0.0011000000000000003,0.001,0,0
0.6663045469761829,0.6880607646623903,0.6987461373249244,0.6708314698599196,0.6809857297058544,0.013077980709884968,119,1.8195546865463257,0.02123943337598321,0.09487879276275635,0.010579157935222756,"{'n_factors': 1, 'cache_ratings': 'True', 'n_epochs': 567, 'lr_all': 0.0011500000000000002, 'reg_all': 0.001, 'reg_bu': 0, 'reg_bi': 0}",1,True,567,0.0011500000000000002,0.001,0,0
0.6647329065383633,0.6876277063090268,0.6961379553206304,0.6700201010569469,0.6796296673062419,0.012754895588861847,76,1.8410046100616455,0.07093682812233802,0.07984727621078491,0.008442521125363932,"{'n_factors': 1, 'cache_ratings': 'True', 'n_epochs': 567, 'lr_all': 0.0012000000000000001, 'reg_all': 0.001, 'reg_bu': 0, 'reg_bi': 0}",1,True,567,0.0012000000000000001,0.001,0,0
0.6652092539766928,0.6866837386440885,0.6975481935905955,0.6712346931464226,0.6801689698394499,0.01272884548468823,91,1.7906121611595154,0.009144889307889714,0.0812227725982666,0.006537980938129146,"{'n_factors': 1, 'cache_ratings': 'True', 'n_epochs': 567, 'lr_all': 0.0012500000000000002, 'reg_all': 0.001, 'reg_bu': 0, 'reg_bi': 0}",1,True,567,0.0012500000000000002,0.001,0,0
0.6655443733686972,0.6858295592872017,0.6970810375085681,0.668653769785187,0.6792771849874135,0.012858439243096284,63,1.747348427772522,0.06033833493919297,0.08219456672668457,0.003496693378594774,"{'n_factors': 1, 'cache_ratings': 'True', 'n_epochs': 567, 'lr_all': 0.0013000000000000002, 'reg_all': 0.001, 'reg_bu': 0, 'reg_bi': 0}",1,True,567,0.0013000000000000002,0.001,0,0
0.6649212618798944,0.6865442399752205,0.6961714917361278,0.6696705923473911,0.6793268964846585,0.012615436518447978,66,1.7496248483657837,0.0816526273589728,0.06626582145690918,0.007224090604888206,"{'n_factors': 1, 'cache_ratings': 'True', 'n_epochs': 567, 'lr_all': 0.0013500000000000003, 'reg_all': 0.001, 'reg_bu': 0, 'reg_bi': 0}",1,True,567,0.0013500000000000003,0.001,0,0
0.665055124838793,0.686893065495261,0.6951092063191955,0.6694779875807474,0.6791338460584992,0.012317301001552976,57,1.7144092321395874,0.03764064609147586,0.08345603942871094,0.012868028243321594,"{'n_factors': 1, 'cache_ratings': 'True', 'n_epochs': 567, 'lr_all': 0.0014000000000000002, 'reg_all': 0.001, 'reg_bu': 0, 'reg_bi': 0}",1,True,567,0.0014000000000000002,0.001,0,0
0.6645625515968203,0.685884389614338,0.6961053106952046,0.6668500940137527,0.6783505864800288,0.013175352505065328,33,1.8036819696426392,0.0867747815643655,0.11859923601150513,0.04785417394139719,"{'n_factors': 1, 'cache_ratings': 'True', 'n_epochs': 567, 'lr_all': 0.0014500000000000003, 'reg_all': 0.001, 'reg_bu': 0, 'reg_bi': 0}",1,True,567,0.0014500000000000003,0.001,0,0
0.664071988935457,0.6855298566180329,0.6959070593007283,0.6697064239175361,0.6788038321929386,0.012624874505910573,45,1.8867039680480957,0.03172609200315405,0.09392619132995605,0.006154032004621495,"{'n_factors': 1, 'cache_ratings': 'True', 'n_epochs': 567, 'lr_all': 0.0015000000000000002, 'reg_all': 0.001, 'reg_bu': 0, 'reg_bi': 0}",1,True,567,0.0015000000000000002,0.001,0,0
0.6628591608522552,0.6854252604707851,0.6935618936411468,0.6686411650102254,0.6776218699936032,0.01238515139203122,9,1.9660934805870056,0.11207260879551555,0.11863315105438232,0.03385402726306619,"{'n_factors': 1, 'cache_ratings': 'True', 'n_epochs': 567, 'lr_all': 0.0015500000000000002, 'reg_all': 0.001, 'reg_bu': 0, 'reg_bi': 0}",1,True,567,0.0015500000000000002,0.001,0,0
0.6641624498378276,0.685882383082642,0.6971922119200136,0.6684408967889429,0.6789194854073566,0.013322400276199724,48,1.8531895875930786,0.06532234680687418,0.07655853033065796,0.0141314721232811,"{'n_factors': 1, 'cache_ratings': 'True', 'n_epochs': 567, 'lr_all': 0.0016000000000000003, 'reg_all': 0.001, 'reg_bu': 0, 'reg_bi': 0}",1,True,567,0.0016000000000000003,0.001,0,0
0.6653564731729324,0.6870076975870405,0.6947383343330957,0.6696665237997854,0.6791922572232134,0.012092664502986582,59,1.9045591950416565,0.05833782080777963,0.0815422534942627,0.010251156011296957,"{'n_factors': 1, 'cache_ratings': 'True', 'n_epochs': 567, 'lr_all': 0.0016500000000000002, 'reg_all': 0.001, 'reg_bu': 0, 'reg_bi': 0}",1,True,567,0.0016500000000000002,0.001,0,0
0.6652233097603694,0.6845852316541188,0.6944338599639835,0.6681625083164641,0.678101227423734,0.01197305409442467,22,1.8858320713043213,0.049111109123618456,0.08770102262496948,0.021704413277970395,"{'n_factors': 1, 'cache_ratings': 'True', 'n_epochs': 567, 'lr_all': 0.0017000000000000003, 'reg_all': 0.001, 'reg_bu': 0, 'reg_bi': 0}",1,True,567,0.0017000000000000003,0.001,0,0
0.6627019411489379,0.6855635669157577,0.6920907599026607,0.6693855229273138,0.6774354477236675,0.01186088110006084,6,1.7899826765060425,0.03643329820962181,0.09348148107528687,0.005896022276425691,"{'n_factors': 1, 'cache_ratings': 'True', 'n_epochs': 567, 'lr_all': 0.0017500000000000003, 'reg_all': 0.001, 'reg_bu': 0, 'reg_bi': 0}",1,True,567,0.0017500000000000003,0.001,0,0
0.6632623171946601,0.6827412750559952,0.6961600214568769,0.6686320488055145,0.6776989156282617,0.012814652407774142,11,1.8599681854248047,0.048525996011964556,0.07871168851852417,0.005288079354934497,"{'n_factors': 1, 'cache_ratings': 'True', 'n_epochs': 567, 'lr_all': 0.0018000000000000004, 'reg_all': 0.001, 'reg_bu': 0, 'reg_bi': 0}",1,True,567,0.0018000000000000004,0.001,0,0
0.6644236970973112,0.6848416538088112,0.6936907145808503,0.6690274094855191,0.6779958687431229,0.01180921317948729,18,1.8208454847335815,0.06255317733464723,0.0820053219795227,0.01719956284758021,"{'n_factors': 1, 'cache_ratings': 'True', 'n_epochs': 567, 'lr_all': 0.0018500000000000003, 'reg_all': 0.001, 'reg_bu': 0, 'reg_bi': 0}",1,True,567,0.0018500000000000003,0.001,0,0
0.6642709424488106,0.683602940396541,0.6902537745923865,0.6682552089721907,0.6765957166024823,0.01069004044456304,2,1.7962717413902283,0.0356269417714517,0.11188149452209473,0.029231519572625774,"{'n_factors': 1, 'cache_ratings': 'True', 'n_epochs': 567, 'lr_all': 0.0019000000000000004, 'reg_all': 0.001, 'reg_bu': 0, 'reg_bi': 0}",1,True,567,0.0019000000000000004,0.001,0,0
0.664971962300022,0.683497195979903,0.6941424067401079,0.6656330792738299,0.6770611610734656,0.012348494639469843,4,1.717962384223938,0.060705030392903904,0.09005993604660034,0.006067615770202183,"{'n_factors': 1, 'cache_ratings': 'True', 'n_epochs': 567, 'lr_all': 0.0019500000000000003, 'reg_all': 0.001, 'reg_bu': 0, 'reg_bi': 0}",1,True,567,0.0019500000000000003,0.001,0,0
0.6639915264705399,0.6844693845788683,0.6954471337208343,0.6680373070984786,0.6779863379671803,0.012666365360404476,16,1.8348387479782104,0.11174886726297775,0.08201020956039429,0.004016053772038896,"{'n_factors': 1, 'cache_ratings': 'True', 'n_epochs': 567, 'lr_all': 0.0020000000000000005, 'reg_all': 0.001, 'reg_bu': 0, 'reg_bi': 0}",1,True,567,0.0020000000000000005,0.001,0,0
0.6654313325314767,0.6844218167390312,0.6940083933828004,0.6685867203333338,0.6781120657466605,0.011662325990331854,24,1.860073745250702,0.06845876990508751,0.07773900032043457,0.00641103231258332,"{'n_factors': 1, 'cache_ratings': 'True', 'n_epochs': 567, 'lr_all': 0.00205, 'reg_all': 0.001, 'reg_bu': 0, 'reg_bi': 0}",1,True,567,0.00205,0.001,0,0
0.6629435385562026,0.6863578318650119,0.6949128008726542,0.6700521108416454,0.6785665705338785,0.012693287118044627,39,1.9530642628669739,0.05240442068777614,0.08355623483657837,0.00523285426898476,"{'n_factors': 1, 'cache_ratings': 'True', 'n_epochs': 567, 'lr_all': 0.0021000000000000003, 'reg_all': 0.001, 'reg_bu': 0, 'reg_bi': 0}",1,True,567,0.0021000000000000003,0.001,0,0
0.6649192359428027,0.6845037374747968,0.6952127570632544,0.6683058966240186,0.6782354067762182,0.01228248722819212,29,1.8668462038040161,0.06841773380361725,0.11519306898117065,0.05300052597084419,"{'n_factors': 1, 'cache_ratings': 'True', 'n_epochs': 567, 'lr_all': 0.0021500000000000004, 'reg_all': 0.001, 'reg_bu': 0, 'reg_bi': 0}",1,True,567,0.0021500000000000004,0.001,0,0
0.6637223341161875,0.6825338856263833,0.6966358332666532,0.6686798615357269,0.6778929786362377,0.012830835029426415,15,1.7560023665428162,0.029533954487854834,0.07859468460083008,0.005141625155654803,"{'n_factors': 1, 'cache_ratings': 'True', 'n_epochs': 567, 'lr_all': 0.0022000000000000006, 'reg_all': 0.001, 'reg_bu': 0, 'reg_bi': 0}",1,True,567,0.0022000000000000006,0.001,0,0
0.6635751036681968,0.6821927097139358,0.6917714044887672,0.6684777337246743,0.6765042378988935,0.011147111380169472,1,1.6513930559158325,0.07777203079385243,0.08879339694976807,0.021101721279733275,"{'n_factors': 1, 'cache_ratings': 'True', 'n_epochs': 567, 'lr_all': 0.0022500000000000003, 'reg_all': 0.001, 'reg_bu': 0, 'reg_bi': 0}",1,True,567,0.0022500000000000003,0.001,0,0
0.6643879027939023,0.6841739730256351,0.6923510999137173,0.6693258365779351,0.6775597030777974,0.011223044011729912,8,1.8008410334587097,0.05633112057473381,0.09027129411697388,0.01696404173465306,"{'n_factors': 1, 'cache_ratings': 'True', 'n_epochs': 567, 'lr_all': 0.0023000000000000004, 'reg_all': 0.001, 'reg_bu': 0, 'reg_bi': 0}",1,True,567,0.0023000000000000004,0.001,0,0
0.6642147065022691,0.6840342891299958,0.6912280403883673,0.6678992507542965,0.6768440716937323,0.011159171888707714,3,1.7029037475585938,0.01888689477635515,0.07561469078063965,0.0045927122687612456,"{'n_factors': 1, 'cache_ratings': 'True', 'n_epochs': 567, 'lr_all': 0.0023500000000000005, 'reg_all': 0.001, 'reg_bu': 0, 'reg_bi': 0}",1,True,567,0.0023500000000000005,0.001,0,0
0.6645525788181768,0.6835738532576286,0.6964902612536914,0.6677955234410891,0.6781030541926465,0.012824581854621639,23,1.6765260100364685,0.0449698222006504,0.07788491249084473,0.012446588825168841,"{'n_factors': 1, 'cache_ratings': 'True', 'n_epochs': 567, 'lr_all': 0.0024000000000000002, 'reg_all': 0.001, 'reg_bu': 0, 'reg_bi': 0}",1,True,567,0.0024000000000000002,0.001,0,0
0.6641350675840425,0.6828899749266841,0.6964249396068792,0.669037199293414,0.678121795352755,0.012608519592660189,26,1.6831626296043396,0.02085520426311872,0.08503925800323486,0.01186212537027758,"{'n_factors': 1, 'cache_ratings': 'True', 'n_epochs': 567, 'lr_all': 0.0024500000000000004, 'reg_all': 0.001, 'reg_bu': 0, 'reg_bi': 0}",1,True,567,0.0024500000000000004,0.001,0,0
0.6651768151639403,0.6820875433034661,0.6971942656946758,0.6689375682395838,0.6783490481004165,0.012561869349959934,32,1.6942512392997742,0.011464401071265026,0.08867722749710083,0.005345801074737328,"{'n_factors': 1, 'cache_ratings': 'True', 'n_epochs': 567, 'lr_all': 0.0025000000000000005, 'reg_all': 0.001, 'reg_bu': 0, 'reg_bi': 0}",1,True,567,0.0025000000000000005,0.001,0,0
0.6629722688335777,0.6841150955697363,0.6969504648669457,0.6691320565608903,0.6782924714577874,0.013234854354462856,30,1.705055594444275,0.03221181691477895,0.08070492744445801,0.00600240846680703,"{'n_factors': 1, 'cache_ratings': 'True', 'n_epochs': 567, 'lr_all': 0.0025500000000000006, 'reg_all': 0.001, 'reg_bu': 0, 'reg_bi': 0}",1,True,567,0.0025500000000000006,0.001,0,0
0.6626844932904787,0.6828614847505506,0.694998897381093,0.6683700815200583,0.6772287392355452,0.012624551964182043,5,1.7103353142738342,0.021924670272752175,0.08037018775939941,0.0062179710852966336,"{'n_factors': 1, 'cache_ratings': 'True', 'n_epochs': 567, 'lr_all': 0.0026000000000000003, 'reg_all': 0.001, 'reg_bu': 0, 'reg_bi': 0}",1,True,567,0.0026000000000000003,0.001,0,0
0.6653198065276659,0.684345406122049,0.6953201492836316,0.6694753533646708,0.6786151788245043,0.011960297622442367,41,1.7202972173690796,0.025651543395264095,0.0921904444694519,0.01680855917955062,"{'n_factors': 1, 'cache_ratings': 'True', 'n_epochs': 567, 'lr_all': 0.0026500000000000004, 'reg_all': 0.001, 'reg_bu': 0, 'reg_bi': 0}",1,True,567,0.0026500000000000004,0.001,0,0
0.6621828396836174,0.684236904293274,0.6967820392444491,0.6687778141105456,0.6779948993329715,0.013480496488724672,17,1.7326016426086426,0.035108537105594,0.09478849172592163,0.004832413772097614,"{'n_factors': 1, 'cache_ratings': 'True', 'n_epochs': 567, 'lr_all': 0.0027000000000000006, 'reg_all': 0.001, 'reg_bu': 0, 'reg_bi': 0}",1,True,567,0.0027000000000000006,0.001,0,0
0.6650426000935609,0.6847565766295084,0.6976929354406135,0.6687574156659153,0.6790623819573995,0.013060130070495233,56,1.773310661315918,0.059020282559824576,0.11823302507400513,0.060308996903649215,"{'n_factors': 1, 'cache_ratings': 'True', 'n_epochs': 567, 'lr_all': 0.0027500000000000007, 'reg_all': 0.001, 'reg_bu': 0, 'reg_bi': 0}",1,True,567,0.0027500000000000007,0.001,0,0
0.6646689385464736,0.6845859317557412,0.6930566203633277,0.6688861132205218,0.6777994009715161,0.011518414449074423,13,1.7113955616950989,0.017366400104420733,0.07585489749908447,0.006709533899831171,"{'n_factors': 1, 'cache_ratings': 'True', 'n_epochs': 567, 'lr_all': 0.0028000000000000004, 'reg_all': 0.001, 'reg_bu': 0, 'reg_bi': 0}",1,True,567,0.0028000000000000004,0.001,0,0
0.6658879076532779,0.6852463319437374,0.6955205525990428,0.6685464626906882,0.6788003137216865,0.012175685098550406,44,1.7487756609916687,0.06060133103365308,0.0744970440864563,0.005836414974775495,"{'n_factors': 1, 'cache_ratings': 'True', 'n_epochs': 567, 'lr_all': 0.0028500000000000005, 'reg_all': 0.001, 'reg_bu': 0, 'reg_bi': 0}",1,True,567,0.0028500000000000005,0.001,0,0
0.6653971036643419,0.6840538339060093,0.697496252053948,0.6688547806182223,0.6789504925606304,0.012802412255797266,49,1.7935290336608887,0.06687304319201316,0.08257025480270386,0.005556299911764595,"{'n_factors': 1, 'cache_ratings': 'True', 'n_epochs': 567, 'lr_all': 0.0029000000000000007, 'reg_all': 0.001, 'reg_bu': 0, 'reg_bi': 0}",1,True,567,0.0029000000000000007,0.001,0,0
0.6647916317335091,0.6836737515298239,0.6952130550473314,0.6689681111030279,0.6781616373534232,0.012087309701284311,27,1.695458173751831,0.045371427306155065,0.08076149225234985,0.005990239564100665,"{'n_factors': 1, 'cache_ratings': 'True', 'n_epochs': 567, 'lr_all': 0.0029500000000000004, 'reg_all': 0.001, 'reg_bu': 0, 'reg_bi': 0}",1,True,567,0.0029500000000000004,0.001,0,0
0.6647092531100262,0.6835778520858103,0.6966044336119083,0.6693015660759489,0.6785482762209234,0.012533372074962435,38,1.7995595335960388,0.08749288298926944,0.08929598331451416,0.010367270037804275,"{'n_factors': 1, 'cache_ratings': 'True', 'n_epochs': 567, 'lr_all': 0.0030000000000000005, 'reg_all': 0.001, 'reg_bu': 0, 'reg_bi': 0}",1,True,567,0.0030000000000000005,0.001,0,0
0.6634995369770658,0.6843408063521329,0.6956110763500426,0.6690199746273573,0.6781178485766497,0.012661008706131942,25,1.7661964893341064,0.03569164009592389,0.08366268873214722,0.0081906267904554,"{'n_factors': 1, 'cache_ratings': 'True', 'n_epochs': 567, 'lr_all': 0.0030500000000000006, 'reg_all': 0.001, 'reg_bu': 0, 'reg_bi': 0}",1,True,567,0.0030500000000000006,0.001,0,0
0.6652623441152545,0.6842569563060501,0.6945712472945922,0.6682058262006346,0.6780740934791328,0.0119572937739912,20,1.6973508596420288,0.10279478600502198,0.0878981351852417,0.01042186139138649,"{'n_factors': 1, 'cache_ratings': 'True', 'n_epochs': 567, 'lr_all': 0.0031000000000000008, 'reg_all': 0.001, 'reg_bu': 0, 'reg_bi': 0}",1,True,567,0.0031000000000000008,0.001,0,0
0.6653988209906749,0.6842779233896372,0.6924534989344798,0.669127519703037,0.6778144407544573,0.011019174692845534,14,1.7162109017372131,0.08093840044250221,0.09148699045181274,0.0069568758333938534,"{'n_factors': 1, 'cache_ratings': 'True', 'n_epochs': 567, 'lr_all': 0.0031500000000000005, 'reg_all': 0.001, 'reg_bu': 0, 'reg_bi': 0}",1,True,567,0.0031500000000000005,0.001,0,0
0.6633776705230972,0.6849380128463767,0.6957496892353544,0.6686912227835765,0.6781891488471011,0.012879346195156918,28,1.8729143142700195,0.0939712454086616,0.07822686433792114,0.005921962684348229,"{'n_factors': 1, 'cache_ratings': 'True', 'n_epochs': 567, 'lr_all': 0.0032000000000000006, 'reg_all': 0.001, 'reg_bu': 0, 'reg_bi': 0}",1,True,567,0.0032000000000000006,0.001,0,0
0.6647847587744022,0.6841682581717307,0.6949375518016659,0.6682126539719235,0.6780258056799306,0.012200001527651702,19,1.7281525135040283,0.08987053986007605,0.08449876308441162,0.015124865639756367,"{'n_factors': 1, 'cache_ratings': 'True', 'n_epochs': 567, 'lr_all': 0.0032500000000000007, 'reg_all': 0.001, 'reg_bu': 0, 'reg_bi': 0}",1,True,567,0.0032500000000000007,0.001,0,0
0.664231428770973,0.6831959781340585,0.6946112137228349,0.6680270827768728,0.6775164258511848,0.012155532340397924,7,1.7326940298080444,0.1331710180700788,0.0810784101486206,0.008497137209484475,"{'n_factors': 1, 'cache_ratings': 'True', 'n_epochs': 567, 'lr_all': 0.0033000000000000004, 'reg_all': 0.001, 'reg_bu': 0, 'reg_bi': 0}",1,True,567,0.0033000000000000004,0.001,0,0
0.6643520264621078,0.6827843716236456,0.694811561880701,0.6687708439049663,0.6776797009678551,0.012005758646784019,10,1.7366105914115906,0.039989093003314706,0.081634521484375,0.018171983054244247,"{'n_factors': 1, 'cache_ratings': 'True', 'n_epochs': 567, 'lr_all': 0.0033500000000000005, 'reg_all': 0.001, 'reg_bu': 0, 'reg_bi': 0}",1,True,567,0.0033500000000000005,0.001,0,0
0.6660882307447009,0.6848175094188663,0.6963273263606906,0.6701385510778683,0.6793429044005316,0.012029634067985,67,1.705589234828949,0.05982702251167699,0.07789653539657593,0.01303273681502724,"{'n_factors': 1, 'cache_ratings': 'True', 'n_epochs': 567, 'lr_all': 0.0034000000000000007, 'reg_all': 0.001, 'reg_bu': 0, 'reg_bi': 0}",1,True,567,0.0034000000000000007,0.001,0,0
0.6659466376232911,0.6841353529372163,0.6978878458256805,0.669087057800483,0.6792642235466677,0.012762249074738375,61,1.7822433710098267,0.07806416737747576,0.10778123140335083,0.04687614575631913,"{'n_factors': 1, 'cache_ratings': 'True', 'n_epochs': 567, 'lr_all': 0.003450000000000001, 'reg_all': 0.001, 'reg_bu': 0, 'reg_bi': 0}",1,True,567,0.003450000000000001,0.001,0,0
0.6641773160131098,0.6855125889328504,0.6952085817678646,0.6691324410809264,0.6785077319486877,0.012462376436629844,36,1.7256507277488708,0.025192438856224613,0.07721918821334839,0.010783902146710244,"{'n_factors': 1, 'cache_ratings': 'True', 'n_epochs': 567, 'lr_all': 0.0035000000000000005, 'reg_all': 0.001, 'reg_bu': 0, 'reg_bi': 0}",1,True,567,0.0035000000000000005,0.001,0,0
0.6658399726792555,0.6830240240043397,0.6945662096509707,0.6688857878348413,0.6780789985423519,0.011517272725672732,21,1.7556957602500916,0.06922785272319174,0.08582109212875366,0.013507734066731619,"{'n_factors': 1, 'cache_ratings': 'True', 'n_epochs': 567, 'lr_all': 0.0035500000000000006, 'reg_all': 0.001, 'reg_bu': 0, 'reg_bi': 0}",1,True,567,0.0035500000000000006,0.001,0,0
0.665540840433166,0.6844334168944761,0.6992607531586855,0.6688651800659201,0.679525047638062,0.013442293228455752,72,1.7900474071502686,0.07596865849033484,0.08309310674667358,0.00590942586709344,"{'n_factors': 1, 'cache_ratings': 'True', 'n_epochs': 567, 'lr_all': 0.0036000000000000008, 'reg_all': 0.001, 'reg_bu': 0, 'reg_bi': 0}",1,True,567,0.0036000000000000008,0.001,0,0
0.6653571628690448,0.6822457323090559,0.6970794414810826,0.6687443983364219,0.6783566837489012,0.012520482516240996,34,1.7292513847351074,0.10732614662770548,0.08158928155899048,0.004231160884420757,"{'n_factors': 1, 'cache_ratings': 'True', 'n_epochs': 567, 'lr_all': 0.0036500000000000005, 'reg_all': 0.001, 'reg_bu': 0, 'reg_bi': 0}",1,True,567,0.0036500000000000005,0.001,0,0
0.6658634167679759,0.6836139722896515,0.697474580249796,0.6690694009939376,0.6790053425753402,0.012587546992508945,51,1.7020882368087769,0.05613855495159654,0.08511173725128174,0.016359508614683296,"{'n_factors': 1, 'cache_ratings': 'True', 'n_epochs': 567, 'lr_all': 0.0037000000000000006, 'reg_all': 0.001, 'reg_bu': 0, 'reg_bi': 0}",1,True,567,0.0037000000000000006,0.001,0,0
0.6663279946852264,0.6833361200539012,0.6954817797670216,0.6691373828956182,0.6785708193504418,0.011700055044057722,40,1.7807508707046509,0.10472124968498069,0.08312982320785522,0.004144011745775062,"{'n_factors': 1, 'cache_ratings': 'True', 'n_epochs': 567, 'lr_all': 0.0037500000000000007, 'reg_all': 0.001, 'reg_bu': 0, 'reg_bi': 0}",1,True,567,0.0037500000000000007,0.001,0,0
0.6661232944238663,0.6849243305150683,0.6974248920779905,0.6696958334812226,0.6795420876245369,0.012507757245707891,74,1.7812974452972412,0.04415998426060191,0.09211701154708862,0.009257253781331305,"{'n_factors': 1, 'cache_ratings': 'True', 'n_epochs': 567, 'lr_all': 0.003800000000000001, 'reg_all': 0.001, 'reg_bu': 0, 'reg_bi': 0}",1,True,567,0.003800000000000001,0.001,0,0
0.666929260664503,0.6825514048525386,0.6940263932221593,0.6675082944459816,0.6777538382962957,0.011291095367282188,12,1.7316052913665771,0.03585160385631001,0.11278969049453735,0.04290275897932269,"{'n_factors': 1, 'cache_ratings': 'True', 'n_epochs': 567, 'lr_all': 0.0038500000000000006, 'reg_all': 0.001, 'reg_bu': 0, 'reg_bi': 0}",1,True,567,0.0038500000000000006,0.001,0,0
0.6664709042356802,0.6839920489331014,0.6954078439514998,0.6691013458631625,0.6787430357458609,0.01171361779690472,43,1.813626766204834,0.02754507360204166,0.08686769008636475,0.009238417221308907,"{'n_factors': 1, 'cache_ratings': 'True', 'n_epochs': 567, 'lr_all': 0.0039000000000000007, 'reg_all': 0.001, 'reg_bu': 0, 'reg_bi': 0}",1,True,567,0.0039000000000000007,0.001,0,0
0.6663554843147123,0.6833609072120157,0.6988375108835742,0.6695300483776563,0.6795209876969897,0.012855177922641655,71,1.7634928226470947,0.09905732743486124,0.08018416166305542,0.00551710179798844,"{'n_factors': 1, 'cache_ratings': 'True', 'n_epochs': 567, 'lr_all': 0.00395, 'reg_all': 0.001, 'reg_bu': 0, 'reg_bi': 0}",1,True,567,0.00395,0.001,0,0
0.6663076967766787,0.6842950559786073,0.6960885156064844,0.6694447079609994,0.6790339940806924,0.011962948300093913,53,1.7213990092277527,0.07189494373613167,0.07174354791641235,0.005256241929360338,"{'n_factors': 1, 'cache_ratings': 'True', 'n_epochs': 567, 'lr_all': 0.004000000000000001, 'reg_all': 0.001, 'reg_bu': 0, 'reg_bi': 0}",1,True,567,0.004000000000000001,0.001,0,0
0.6654369173476637,0.684536124868142,0.6946533626547196,0.6686521455945912,0.6783196376162792,0.011883393569312834,31,1.6928104758262634,0.05816549226818707,0.0783836841583252,0.006224336952011274,"{'n_factors': 1, 'cache_ratings': 'True', 'n_epochs': 567, 'lr_all': 0.004050000000000001, 'reg_all': 0.001, 'reg_bu': 0, 'reg_bi': 0}",1,True,567,0.004050000000000001,0.001,0,0
0.6662165514027858,0.6836779582887877,0.6945718007468341,0.6694279779036698,0.6784735720855194,0.011383056837954545,35,1.6950299739837646,0.03941189371353248,0.06347191333770752,0.005912100274253786,"{'n_factors': 1, 'cache_ratings': 'True', 'n_epochs': 567, 'lr_all': 0.0041, 'reg_all': 0.001, 'reg_bu': 0, 'reg_bi': 0}",1,True,567,0.0041,0.001,0,0
0.6662898758865785,0.6827670737589323,0.6972896478804729,0.6695941904328143,0.6789851969896995,0.012234354257307643,50,1.7079570293426514,0.10576718479566223,0.07206189632415771,0.012146612752285742,"{'n_factors': 1, 'cache_ratings': 'True', 'n_epochs': 567, 'lr_all': 0.004150000000000001, 'reg_all': 0.001, 'reg_bu': 0, 'reg_bi': 0}",1,True,567,0.004150000000000001,0.001,0,0
0.666473439747548,0.6835043180865487,0.6966001023376345,0.669571920780469,0.6790374452380501,0.011998440155543836,54,1.8053694367408752,0.06237676496761588,0.07835185527801514,0.005148809000312753,"{'n_factors': 1, 'cache_ratings': 'True', 'n_epochs': 567, 'lr_all': 0.004200000000000001, 'reg_all': 0.001, 'reg_bu': 0, 'reg_bi': 0}",1,True,567,0.004200000000000001,0.001,0,0
0.6667409332701801,0.684496845525202,0.6965981469986854,0.6692426082989366,0.6792696335232511,0.012094530679836107,62,1.7524860501289368,0.049309849490902745,0.07992798089981079,0.005606845056870236,"{'n_factors': 1, 'cache_ratings': 'True', 'n_epochs': 567, 'lr_all': 0.004250000000000001, 'reg_all': 0.001, 'reg_bu': 0, 'reg_bi': 0}",1,True,567,0.004250000000000001,0.001,0,0
0.6642092067443806,0.6840906039726175,0.696920295718986,0.6688662507556379,0.6785215892979055,0.012918941318278638,37,1.6966626644134521,0.06531329662410527,0.0722702145576477,0.005376997937902543,"{'n_factors': 1, 'cache_ratings': 'True', 'n_epochs': 567, 'lr_all': 0.004300000000000001, 'reg_all': 0.001, 'reg_bu': 0, 'reg_bi': 0}",1,True,567,0.004300000000000001,0.001,0,0
0.6655543552724617,0.6845642864923693,0.6960986580873914,0.6691614734552852,0.6788446933268769,0.012255721914865406,46,1.6423124074935913,0.0644526396497976,0.07940471172332764,0.011189960215362147,"{'n_factors': 1, 'cache_ratings': 'True', 'n_epochs': 567, 'lr_all': 0.004350000000000001, 'reg_all': 0.001, 'reg_bu': 0, 'reg_bi': 0}",1,True,567,0.004350000000000001,0.001,0,0
0.6661244798824777,0.6844487645258857,0.6966637148637225,0.668941284726094,0.6790445609995449,0.012335362643361452,55,1.695525050163269,0.01170183062208215,0.08128827810287476,0.012496465355606714,"{'n_factors': 1, 'cache_ratings': 'True', 'n_epochs': 567, 'lr_all': 0.004400000000000001, 'reg_all': 0.001, 'reg_bu': 0, 'reg_bi': 0}",1,True,567,0.004400000000000001,0.001,0,0
0.6674826095658587,0.6845223226016182,0.6957934186153014,0.6697247932839763,0.6793807860166886,0.011517537777021764,69,1.6853071451187134,0.026221202532208394,0.08241093158721924,0.003499089267852433,"{'n_factors': 1, 'cache_ratings': 'True', 'n_epochs': 567, 'lr_all': 0.004450000000000001, 'reg_all': 0.001, 'reg_bu': 0, 'reg_bi': 0}",1,True,567,0.004450000000000001,0.001,0,0
0.6659490380923497,0.6858544359529435,0.6959606733860145,0.669699102304723,0.6793658124340076,0.012154698306061687,68,1.6839580535888672,0.03591678899817354,0.07806462049484253,0.005390091286206389,"{'n_factors': 1, 'cache_ratings': 'True', 'n_epochs': 567, 'lr_all': 0.0045000000000000005, 'reg_all': 0.001, 'reg_bu': 0, 'reg_bi': 0}",1,True,567,0.0045000000000000005,0.001,0,0
0.6667146155861524,0.6856644995100918,0.6925014399220123,0.669915877820424,0.67869910820967,0.01072140657958696,42,1.7038564682006836,0.02093360523818305,0.0739445686340332,0.0066668916826272675,"{'n_factors': 1, 'cache_ratings': 'True', 'n_epochs': 567, 'lr_all': 0.004550000000000001, 'reg_all': 0.001, 'reg_bu': 0, 'reg_bi': 0}",1,True,567,0.004550000000000001,0.001,0,0
0.6653953414751232,0.6854122748032063,0.6999135535547363,0.6698613000591107,0.6801456174730443,0.013618432390042113,88,1.7210030555725098,0.09956536244480264,0.1109125018119812,0.05985214920865788,"{'n_factors': 1, 'cache_ratings': 'True', 'n_epochs': 567, 'lr_all': 0.004600000000000001, 'reg_all': 0.001, 'reg_bu': 0, 'reg_bi': 0}",1,True,567,0.004600000000000001,0.001,0,0
0.6645923007581152,0.6846033530724696,0.6970936067939777,0.6698203636111589,0.6790274060589304,0.012753633695711095,52,1.6452085375785828,0.05334742850471427,0.083382248878479,0.005072443777258008,"{'n_factors': 1, 'cache_ratings': 'True', 'n_epochs': 567, 'lr_all': 0.0046500000000000005, 'reg_all': 0.001, 'reg_bu': 0, 'reg_bi': 0}",1,True,567,0.0046500000000000005,0.001,0,0
0.6673024823005931,0.6846697538628576,0.6975870198787378,0.6689518790117446,0.6796277837634832,0.012387933874800996,75,1.6130741238594055,0.09987154926889301,0.07557177543640137,0.010682278228125057,"{'n_factors': 1, 'cache_ratings': 'True', 'n_epochs': 567, 'lr_all': 0.004700000000000001, 'reg_all': 0.001, 'reg_bu': 0, 'reg_bi': 0}",1,True,567,0.004700000000000001,0.001,0,0
0.6672631503248982,0.6856670646981452,0.6976504833193151,0.6689439756615072,0.6798811685009665,0.012530579733368475,82,1.7133695483207703,0.06254982849914652,0.08109045028686523,0.0038950302948377617,"{'n_factors': 1, 'cache_ratings': 'True', 'n_epochs': 567, 'lr_all': 0.004750000000000001, 'reg_all': 0.001, 'reg_bu': 0, 'reg_bi': 0}",1,True,567,0.004750000000000001,0.001,0,0
0.6665318174915231,0.6848620022919255,0.6942959677450327,0.6698938232564949,0.678895902696244,0.0112546033368758,47,1.6766395568847656,0.023682086556892693,0.08799731731414795,0.007941744681635873,"{'n_factors': 1, 'cache_ratings': 'True', 'n_epochs': 567, 'lr_all': 0.0048000000000000004, 'reg_all': 0.001, 'reg_bu': 0, 'reg_bi': 0}",1,True,567,0.0048000000000000004,0.001,0,0
0.6677874638425879,0.6850050963376096,0.6965702274902862,0.6695973285537271,0.6797400290560527,0.01179740121252347,77,1.6388110518455505,0.0334040550803262,0.08043694496154785,0.012410619618913486,"{'n_factors': 1, 'cache_ratings': 'True', 'n_epochs': 567, 'lr_all': 0.004850000000000001, 'reg_all': 0.001, 'reg_bu': 0, 'reg_bi': 0}",1,True,567,0.004850000000000001,0.001,0,0
0.6665681215152357,0.6856717485256126,0.6951003419954107,0.669607873206512,0.6792370213106927,0.011686233061985903,60,1.6688854098320007,0.07831350650652212,0.07817292213439941,0.012917751447980878,"{'n_factors': 1, 'cache_ratings': 'True', 'n_epochs': 567, 'lr_all': 0.004900000000000001, 'reg_all': 0.001, 'reg_bu': 0, 'reg_bi': 0}",1,True,567,0.004900000000000001,0.001,0,0
0.6666447643704531,0.6859054498367056,0.698022374779251,0.6700230441146645,0.6801489082752685,0.01262431783521892,89,1.6563861966133118,0.06596165465296093,0.07777804136276245,0.003251122919094372,"{'n_factors': 1, 'cache_ratings': 'True', 'n_epochs': 567, 'lr_all': 0.004950000000000001, 'reg_all': 0.001, 'reg_bu': 0, 'reg_bi': 0}",1,True,567,0.004950000000000001,0.001,0,0
0.666123854809748,0.6844988433554837,0.6978067020890082,0.6694259817820328,0.6794638455090682,0.012654304118422895,70,1.645856261253357,0.048234763046727414,0.07941305637359619,0.007808597086379074,"{'n_factors': 1, 'cache_ratings': 'True', 'n_epochs': 567, 'lr_all': 0.005000000000000001, 'reg_all': 0.001, 'reg_bu': 0, 'reg_bi': 0}",1,True,567,0.005000000000000001,0.001,0,0
0.6671337950299969,0.6843656222667767,0.6981555705714799,0.6693418671630069,0.679749213757815,0.012525642214036464,79,1.6747660040855408,0.05882203849986515,0.08300775289535522,0.01018272699415422,"{'n_factors': 1, 'cache_ratings': 'True', 'n_epochs': 567, 'lr_all': 0.005050000000000001, 'reg_all': 0.001, 'reg_bu': 0, 'reg_bi': 0}",1,True,567,0.005050000000000001,0.001,0,0
0.6654990893928473,0.6852527636599406,0.697567906293535,0.6698348302992396,0.6795386474113907,0.012737528765850197,73,1.6558629870414734,0.03227502625782186,0.08346271514892578,0.028288634003460978,"{'n_factors': 1, 'cache_ratings': 'True', 'n_epochs': 567, 'lr_all': 0.005100000000000001, 'reg_all': 0.001, 'reg_bu': 0, 'reg_bi': 0}",1,True,567,0.005100000000000001,0.001,0,0
0.6677430560531705,0.6860004207996871,0.6969650556259477,0.669808361183538,0.6801292234155858,0.012019292242902746,87,1.631897211074829,0.05040205106388781,0.08159232139587402,0.018791720728954367,"{'n_factors': 1, 'cache_ratings': 'True', 'n_epochs': 567, 'lr_all': 0.005150000000000001, 'reg_all': 0.001, 'reg_bu': 0, 'reg_bi': 0}",1,True,567,0.005150000000000001,0.001,0,0
0.6669152104982177,0.6845882542615086,0.695297967966987,0.6699242060738665,0.679181409700145,0.0114578889888038,58,1.6476374864578247,0.04966634234415703,0.0790330171585083,0.011009523069584214,"{'n_factors': 1, 'cache_ratings': 'True', 'n_epochs': 567, 'lr_all': 0.005200000000000001, 'reg_all': 0.001, 'reg_bu': 0, 'reg_bi': 0}",1,True,567,0.005200000000000001,0.001,0,0
0.6651315540161304,0.6852499592845621,0.6970759862109628,0.6698500245340133,0.6793268810114172,0.012663251051870193,65,1.6509697437286377,0.016950502311434364,0.07512933015823364,0.00796834314587635,"{'n_factors': 1, 'cache_ratings': 'True', 'n_epochs': 567, 'lr_all': 0.005250000000000001, 'reg_all': 0.001, 'reg_bu': 0, 'reg_bi': 0}",1,True,567,0.005250000000000001,0.001,0,0
0.6676235009576061,0.6851532991776964,0.6991139539855301,0.6696996947686025,0.6803976122223587,0.012752856188562858,98,1.6417068243026733,0.035013124335492335,0.08483254909515381,0.009035816932337402,"{'n_factors': 1, 'cache_ratings': 'True', 'n_epochs': 567, 'lr_all': 0.005300000000000001, 'reg_all': 0.001, 'reg_bu': 0, 'reg_bi': 0}",1,True,567,0.005300000000000001,0.001,0,0
0.6671307240508819,0.6849052597862854,0.6981791441867814,0.6694668337542627,0.6799204904445528,0.012560686928587885,84,1.6802936792373657,0.036883142544258465,0.09105712175369263,0.032623624733793204,"{'n_factors': 1, 'cache_ratings': 'True', 'n_epochs': 567, 'lr_all': 0.005350000000000001, 'reg_all': 0.001, 'reg_bu': 0, 'reg_bi': 0}",1,True,567,0.005350000000000001,0.001,0,0
0.6677203192631248,0.6852478743753339,0.6973841852674828,0.6693112554525463,0.6799159085896219,0.012193867479316792,83,1.6181339025497437,0.0463013947204839,0.0856180191040039,0.007127429962263222,"{'n_factors': 1, 'cache_ratings': 'True', 'n_epochs': 567, 'lr_all': 0.005400000000000001, 'reg_all': 0.001, 'reg_bu': 0, 'reg_bi': 0}",1,True,567,0.005400000000000001,0.001,0,0
0.6673425505353546,0.6852705598437989,0.6995171744536667,0.6694785066024628,0.6804021978588208,0.013028475520142751,99,1.6439900398254395,0.07336724016192007,0.08418291807174683,0.004414583626900784,"{'n_factors': 1, 'cache_ratings': 'True', 'n_epochs': 567, 'lr_all': 0.005450000000000001, 'reg_all': 0.001, 'reg_bu': 0, 'reg_bi': 0}",1,True,567,0.005450000000000001,0.001,0,0
0.667515008693108,0.6856738316740896,0.6979628910544073,0.6702748378839387,0.6803566423263859,0.012296369708366903,96,1.6683619618415833,0.06411837956936807,0.07914680242538452,0.008759646254138513,"{'n_factors': 1, 'cache_ratings': 'True', 'n_epochs': 567, 'lr_all': 0.005500000000000001, 'reg_all': 0.001, 'reg_bu': 0, 'reg_bi': 0}",1,True,567,0.005500000000000001,0.001,0,0
0.668217276862699,0.6860715153035922,0.6979626527959221,0.6700840481727846,0.6805838732837495,0.012199541248266678,104,1.6599515080451965,0.009697359370033768,0.07313716411590576,0.007415305928242923,"{'n_factors': 1, 'cache_ratings': 'True', 'n_epochs': 567, 'lr_all': 0.005550000000000001, 'reg_all': 0.001, 'reg_bu': 0, 'reg_bi': 0}",1,True,567,0.005550000000000001,0.001,0,0
0.666694920242977,0.6853884045803509,0.6987822004804467,0.6705561813264093,0.680355426657546,0.012723123681451662,94,1.6872992515563965,0.03659135921975005,0.10879147052764893,0.05184812645050929,"{'n_factors': 1, 'cache_ratings': 'True', 'n_epochs': 567, 'lr_all': 0.005600000000000001, 'reg_all': 0.001, 'reg_bu': 0, 'reg_bi': 0}",1,True,567,0.005600000000000001,0.001,0,0
0.6676184935212565,0.6862442777476622,0.6956374310698953,0.6699062973379285,0.6798516249191856,0.011604058885910632,80,1.6954412460327148,0.01603866865078325,0.07886373996734619,0.002502474101705455,"{'n_factors': 1, 'cache_ratings': 'True', 'n_epochs': 567, 'lr_all': 0.005650000000000001, 'reg_all': 0.001, 'reg_bu': 0, 'reg_bi': 0}",1,True,567,0.005650000000000001,0.001,0,0
0.6681607558819729,0.6858486134145104,0.6933099939526939,0.6698877847790092,0.6793017870070466,0.010628226690291523,64,1.712367832660675,0.016880530986689506,0.08627796173095703,0.009525225040598202,"{'n_factors': 1, 'cache_ratings': 'True', 'n_epochs': 567, 'lr_all': 0.005700000000000001, 'reg_all': 0.001, 'reg_bu': 0, 'reg_bi': 0}",1,True,567,0.005700000000000001,0.001,0,0
0.6680749120745277,0.6866453967089435,0.6975632273651541,0.6709161667112051,0.6807999257149575,0.011987415041934553,110,1.7250807881355286,0.03877756292186554,0.07634955644607544,0.007210261030093348,"{'n_factors': 1, 'cache_ratings': 'True', 'n_epochs': 567, 'lr_all': 0.005750000000000001, 'reg_all': 0.001, 'reg_bu': 0, 'reg_bi': 0}",1,True,567,0.005750000000000001,0.001,0,0
0.667575526294635,0.6853418792717053,0.6976656864363188,0.6696106026069041,0.6800484236523907,0.012277111804760337,85,1.7447667717933655,0.17283315931765786,0.1465362310409546,0.04523068195850473,"{'n_factors': 1, 'cache_ratings': 'True', 'n_epochs': 567, 'lr_all': 0.005800000000000001, 'reg_all': 0.001, 'reg_bu': 0, 'reg_bi': 0}",1,True,567,0.005800000000000001,0.001,0,0
0.667976339467927,0.6861248634352438,0.6996100147359262,0.6695941747619937,0.6808263481002726,0.012963263832719674,111,1.879300594329834,0.05865425089858678,0.08088266849517822,0.013208738225694057,"{'n_factors': 1, 'cache_ratings': 'True', 'n_epochs': 567, 'lr_all': 0.005850000000000001, 'reg_all': 0.001, 'reg_bu': 0, 'reg_bi': 0}",1,True,567,0.005850000000000001,0.001,0,0
0.6682718860445072,0.6860850873111145,0.6977232618746656,0.6699076857581292,0.680496980247104,0.012140405731559278,100,1.885221242904663,0.027816184655311726,0.10051268339157104,0.02237939487910055,"{'n_factors': 1, 'cache_ratings': 'True', 'n_epochs': 567, 'lr_all': 0.005900000000000001, 'reg_all': 0.001, 'reg_bu': 0, 'reg_bi': 0}",1,True,567,0.005900000000000001,0.001,0,0
0.6667712268317716,0.686024037528468,0.6956359717707087,0.6705647551780196,0.679748997827242,0.011667743112776994,78,1.9681602120399475,0.06254917358935232,0.0857648253440857,0.013718305316547956,"{'n_factors': 1, 'cache_ratings': 'True', 'n_epochs': 567, 'lr_all': 0.005950000000000001, 'reg_all': 0.001, 'reg_bu': 0, 'reg_bi': 0}",1,True,567,0.005950000000000001,0.001,0,0
0.6677059071185876,0.6851020206062888,0.6990288010497804,0.6709315879272288,0.6806920791754714,0.012445790519458887,106,1.8113727569580078,0.07141386652446137,0.08210641145706177,0.007494252323242447,"{'n_factors': 1, 'cache_ratings': 'True', 'n_epochs': 567, 'lr_all': 0.006000000000000001, 'reg_all': 0.001, 'reg_bu': 0, 'reg_bi': 0}",1,True,567,0.006000000000000001,0.001,0,0
0.6680541651789768,0.6865770569830428,0.696607138922469,0.6701880530321407,0.6803566035291573,0.011805966185700357,95,1.7811639904975891,0.06300687045651114,0.08710479736328125,0.009337015090189566,"{'n_factors': 1, 'cache_ratings': 'True', 'n_epochs': 567, 'lr_all': 0.006050000000000001, 'reg_all': 0.001, 'reg_bu': 0, 'reg_bi': 0}",1,True,567,0.006050000000000001,0.001,0,0
0.6683349532736301,0.6863691795769379,0.6985317774745358,0.6704856252173288,0.6809303838856081,0.012319977787968195,115,1.7363708019256592,0.05329242811835172,0.07471054792404175,0.011903293793288326,"{'n_factors': 1, 'cache_ratings': 'True', 'n_epochs': 567, 'lr_all': 0.006100000000000001, 'reg_all': 0.001, 'reg_bu': 0, 'reg_bi': 0}",1,True,567,0.006100000000000001,0.001,0,0
0.6677450166409122,0.685688806992262,0.6992169170973769,0.670807024972533,0.680864441425771,0.012583310363289331,114,1.7110477685928345,0.09751476557973766,0.07850819826126099,0.004295337175583104,"{'n_factors': 1, 'cache_ratings': 'True', 'n_epochs': 567, 'lr_all': 0.006150000000000001, 'reg_all': 0.001, 'reg_bu': 0, 'reg_bi': 0}",1,True,567,0.006150000000000001,0.001,0,0
0.6676154008024123,0.6857965574974382,0.6966673876345996,0.6694052367584147,0.6798711456732163,0.012010024782063547,81,1.7232803106307983,0.06551570146037773,0.08266687393188477,0.0067483786429740015,"{'n_factors': 1, 'cache_ratings': 'True', 'n_epochs': 567, 'lr_all': 0.0062000000000000015, 'reg_all': 0.001, 'reg_bu': 0, 'reg_bi': 0}",1,True,567,0.0062000000000000015,0.001,0,0
0.6686471959686652,0.6862745968247894,0.6983334219368211,0.670685211910028,0.6809851066600758,0.012116668490505605,118,1.6380450129508972,0.05648507794919716,0.07807296514511108,0.004855194906550541,"{'n_factors': 1, 'cache_ratings': 'True', 'n_epochs': 567, 'lr_all': 0.006250000000000001, 'reg_all': 0.001, 'reg_bu': 0, 'reg_bi': 0}",1,True,567,0.006250000000000001,0.001,0,0
0.6679180921566811,0.6868948763685887,0.6973132175320119,0.670838939517426,0.6807412813936768,0.011989436551922191,107,1.7235479354858398,0.0728766808934385,0.07480579614639282,0.014047987668763381,"{'n_factors': 1, 'cache_ratings': 'True', 'n_epochs': 567, 'lr_all': 0.006300000000000001, 'reg_all': 0.001, 'reg_bu': 0, 'reg_bi': 0}",1,True,567,0.006300000000000001,0.001,0,0
0.6686417000610054,0.6870644520353539,0.6949041605650977,0.6700338607399337,0.6801610433503477,0.011183376660500016,90,1.7286422848701477,0.13763669699448852,0.08307850360870361,0.006314315516126488,"{'n_factors': 1, 'cache_ratings': 'True', 'n_epochs': 567, 'lr_all': 0.0063500000000000015, 'reg_all': 0.001, 'reg_bu': 0, 'reg_bi': 0}",1,True,567,0.0063500000000000015,0.001,0,0
0.6678840034973815,0.6858863654145442,0.6981376104550783,0.670412858883834,0.6805802095627096,0.012257510802563187,103,1.6713109016418457,0.012402522633822615,0.07625985145568848,0.0063321031808516665,"{'n_factors': 1, 'cache_ratings': 'True', 'n_epochs': 567, 'lr_all': 0.006400000000000001, 'reg_all': 0.001, 'reg_bu': 0, 'reg_bi': 0}",1,True,567,0.006400000000000001,0.001,0,0
0.6669381283226992,0.6864229578333924,0.6985747146271385,0.6711260977457513,0.6807654746322453,0.012582619342678205,108,1.638995885848999,0.02513992233431733,0.08612483739852905,0.006717740755887959,"{'n_factors': 1, 'cache_ratings': 'True', 'n_epochs': 567, 'lr_all': 0.006450000000000001, 'reg_all': 0.001, 'reg_bu': 0, 'reg_bi': 0}",1,True,567,0.006450000000000001,0.001,0,0
0.6676498447378675,0.6863688280483817,0.6987518481806022,0.6706798259021337,0.6808625867172463,0.012536043412221882,113,1.6751994490623474,0.054875759173973575,0.07862275838851929,0.012166195648961091,"{'n_factors': 1, 'cache_ratings': 'True', 'n_epochs': 567, 'lr_all': 0.0065000000000000014, 'reg_all': 0.001, 'reg_bu': 0, 'reg_bi': 0}",1,True,567,0.0065000000000000014,0.001,0,0
0.6681873110867502,0.6862411827269226,0.6958306874848453,0.6702553066601183,0.6801286219896591,0.011445474228470483,86,1.737930417060852,0.014962010054979644,0.08436620235443115,0.006026999474992986,"{'n_factors': 1, 'cache_ratings': 'True', 'n_epochs': 567, 'lr_all': 0.006550000000000001, 'reg_all': 0.001, 'reg_bu': 0, 'reg_bi': 0}",1,True,567,0.006550000000000001,0.001,0,0
0.6693164979914068,0.6865348907680916,0.6989605925484685,0.67042851147187,0.6813101231949592,0.012258607015152537,124,1.7065548300743103,0.010294160171436605,0.07876819372177124,0.005386910718970665,"{'n_factors': 1, 'cache_ratings': 'True', 'n_epochs': 567, 'lr_all': 0.006600000000000001, 'reg_all': 0.001, 'reg_bu': 0, 'reg_bi': 0}",1,True,567,0.006600000000000001,0.001,0,0
0.668772394216072,0.6873038095326137,0.698336632270579,0.6702763769949055,0.6811723032535425,0.012295207532068812,120,1.720388412475586,0.05150045579014781,0.0804060697555542,0.011986356915955983,"{'n_factors': 1, 'cache_ratings': 'True', 'n_epochs': 567, 'lr_all': 0.006650000000000001, 'reg_all': 0.001, 'reg_bu': 0, 'reg_bi': 0}",1,True,567,0.006650000000000001,0.001,0,0
0.6689454203883459,0.6866023903810327,0.6964418207197922,0.6711470218890906,0.6807841633445654,0.011314198276326747,109,1.6599664688110352,0.0324818347340936,0.0796734094619751,0.011283505576638094,"{'n_factors': 1, 'cache_ratings': 'True', 'n_epochs': 567, 'lr_all': 0.006700000000000001, 'reg_all': 0.001, 'reg_bu': 0, 'reg_bi': 0}",1,True,567,0.006700000000000001,0.001,0,0
0.6693986370849857,0.6860033724338952,0.6975294621000034,0.6709898470415596,0.680980329665111,0.011543938767559533,117,1.6834722757339478,0.013249968377490474,0.07909798622131348,0.009087819681789613,"{'n_factors': 1, 'cache_ratings': 'True', 'n_epochs': 567, 'lr_all': 0.006750000000000001, 'reg_all': 0.001, 'reg_bu': 0, 'reg_bi': 0}",1,True,567,0.006750000000000001,0.001,0,0
0.6688876223933713,0.6863399295244412,0.6990436559296641,0.6705349631449637,0.6812015427481101,0.012350633347926599,121,1.744191586971283,0.17364129421665264,0.07925117015838623,0.017704421827751365,"{'n_factors': 1, 'cache_ratings': 'True', 'n_epochs': 567, 'lr_all': 0.006800000000000001, 'reg_all': 0.001, 'reg_bu': 0, 'reg_bi': 0}",1,True,567,0.006800000000000001,0.001,0,0
0.6684775215846083,0.6872950292746015,0.6983007805733533,0.6708912317194109,0.6812411407879935,0.012224069170201357,122,1.6052522659301758,0.07200138235403589,0.07255226373672485,0.008831524848221936,"{'n_factors': 1, 'cache_ratings': 'True', 'n_epochs': 567, 'lr_all': 0.006850000000000001, 'reg_all': 0.001, 'reg_bu': 0, 'reg_bi': 0}",1,True,567,0.006850000000000001,0.001,0,0
0.6674185502218575,0.6864734012166152,0.6984980023353656,0.6710499597173752,0.6808599783728034,0.012445067919503665,112,1.6654857993125916,0.05955653055627938,0.08789181709289551,0.006283975927001444,"{'n_factors': 1, 'cache_ratings': 'True', 'n_epochs': 567, 'lr_all': 0.006900000000000002, 'reg_all': 0.001, 'reg_bu': 0, 'reg_bi': 0}",1,True,567,0.006900000000000002,0.001,0,0
0.6687936514593699,0.6866279734698881,0.6976299575791963,0.670697798427675,0.6809373452340324,0.011867436263964092,116,1.6353817582130432,0.013414787831310976,0.07781022787094116,0.006567322972274345,"{'n_factors': 1, 'cache_ratings': 'True', 'n_epochs': 567, 'lr_all': 0.006950000000000001, 'reg_all': 0.001, 'reg_bu': 0, 'reg_bi': 0}",1,True,567,0.006950000000000001,0.001,0,0
0.6690243280047743,0.687141847867293,0.698915273362776,0.6716789780886921,0.6816901068308839,0.01211478945694217,140,1.7224708795547485,0.08015261063820778,0.07667875289916992,0.007087560040210077,"{'n_factors': 1, 'cache_ratings': 'True', 'n_epochs': 567, 'lr_all': 0.007000000000000001, 'reg_all': 0.001, 'reg_bu': 0, 'reg_bi': 0}",1,True,567,0.007000000000000001,0.001,0,0
0.6693980693765873,0.6870823077854019,0.6975656183061085,0.6713206280989222,0.681341655891755,0.011610795595655905,125,1.630831003189087,0.06660154114054177,0.07040953636169434,0.010762329124985794,"{'n_factors': 1, 'cache_ratings': 'True', 'n_epochs': 567, 'lr_all': 0.007050000000000002, 'reg_all': 0.001, 'reg_bu': 0, 'reg_bi': 0}",1,True,567,0.007050000000000002,0.001,0,0
0.6688778516019532,0.6872646392290206,0.6984414117321361,0.6707853486475225,0.6813423128026581,0.012188779878408296,126,1.6447224617004395,0.03623348338599574,0.07931995391845703,0.007159586178754613,"{'n_factors': 1, 'cache_ratings': 'True', 'n_epochs': 567, 'lr_all': 0.007100000000000001, 'reg_all': 0.001, 'reg_bu': 0, 'reg_bi': 0}",1,True,567,0.007100000000000001,0.001,0,0
0.6689150553044377,0.6872488253020111,0.7015553147277601,0.6709768855882681,0.6821740202306192,0.01325296380069549,154,1.6365579962730408,0.02579548919284001,0.07201051712036133,0.006147025754585015,"{'n_factors': 1, 'cache_ratings': 'True', 'n_epochs': 567, 'lr_all': 0.007150000000000001, 'reg_all': 0.001, 'reg_bu': 0, 'reg_bi': 0}",1,True,567,0.007150000000000001,0.001,0,0
0.6686858864130052,0.6873267626009963,0.6987484173088698,0.6709979096721602,0.6814397439987578,0.012307923740430979,128,1.6852645874023438,0.07588670859473962,0.08425849676132202,0.0069709851939358525,"{'n_factors': 1, 'cache_ratings': 'True', 'n_epochs': 567, 'lr_all': 0.0072000000000000015, 'reg_all': 0.001, 'reg_bu': 0, 'reg_bi': 0}",1,True,567,0.0072000000000000015,0.001,0,0
0.6689093605622738,0.6865105796319957,0.6958486278616977,0.6709998998177636,0.6805671169684326,0.011138719092062807,102,1.6779890656471252,0.03293856315347836,0.08938932418823242,0.009505429750191521,"{'n_factors': 1, 'cache_ratings': 'True', 'n_epochs': 567, 'lr_all': 0.007250000000000001, 'reg_all': 0.001, 'reg_bu': 0, 'reg_bi': 0}",1,True,567,0.007250000000000001,0.001,0,0
0.6688357549359838,0.6870333556237874,0.6997913294828843,0.6707932297482099,0.6816134174477164,0.012650665366958188,133,1.658290684223175,0.11483468221742742,0.0860220193862915,0.006326742145339441,"{'n_factors': 1, 'cache_ratings': 'True', 'n_epochs': 567, 'lr_all': 0.007300000000000001, 'reg_all': 0.001, 'reg_bu': 0, 'reg_bi': 0}",1,True,567,0.007300000000000001,0.001,0,0
0.6692087833865028,0.687130072008938,0.6984775130394782,0.6713889360958322,0.6815513261326878,0.011971118801703227,131,1.627558410167694,0.047593232381053806,0.08327805995941162,0.010826013263182388,"{'n_factors': 1, 'cache_ratings': 'True', 'n_epochs': 567, 'lr_all': 0.0073500000000000015, 'reg_all': 0.001, 'reg_bu': 0, 'reg_bi': 0}",1,True,567,0.0073500000000000015,0.001,0,0
0.6689060856309864,0.6868296350572174,0.698174610679516,0.6719951826371147,0.6814763785012087,0.011783395642720984,130,1.6588985323905945,0.01586755925663078,0.0785868763923645,0.0018967954734009358,"{'n_factors': 1, 'cache_ratings': 'True', 'n_epochs': 567, 'lr_all': 0.007400000000000001, 'reg_all': 0.001, 'reg_bu': 0, 'reg_bi': 0}",1,True,567,0.007400000000000001,0.001,0,0
0.6691211891043466,0.6868996091257955,0.694325676037519,0.671040084406997,0.6803466396686645,0.010618116331514098,93,1.6255489587783813,0.03440754237144615,0.0745161771774292,0.007372698122721426,"{'n_factors': 1, 'cache_ratings': 'True', 'n_epochs': 567, 'lr_all': 0.007450000000000002, 'reg_all': 0.001, 'reg_bu': 0, 'reg_bi': 0}",1,True,567,0.007450000000000002,0.001,0,0
0.6698422980423516,0.68726102234128,0.6968947999972372,0.6710262724296121,0.6812560982026202,0.011352888147699075,123,1.6659969687461853,0.07477113790913524,0.06979358196258545,0.00605640039464917,"{'n_factors': 1, 'cache_ratings': 'True', 'n_epochs': 567, 'lr_all': 0.0075000000000000015, 'reg_all': 0.001, 'reg_bu': 0, 'reg_bi': 0}",1,True,567,0.0075000000000000015,0.001,0,0
0.6681909477705695,0.6879410785168903,0.698615620675773,0.6710587912473202,0.6814516095526383,0.01245564438817656,129,1.6482886672019958,0.10230184311164443,0.09232223033905029,0.044941092299347354,"{'n_factors': 1, 'cache_ratings': 'True', 'n_epochs': 567, 'lr_all': 0.007550000000000001, 'reg_all': 0.001, 'reg_bu': 0, 'reg_bi': 0}",1,True,567,0.007550000000000001,0.001,0,0
0.6690133345125221,0.6878865931128383,0.6997300067711285,0.6711357468581671,0.681941420313664,0.012606316562295748,150,1.658197820186615,0.040337024663604296,0.09205818176269531,0.032508161809983366,"{'n_factors': 1, 'cache_ratings': 'True', 'n_epochs': 567, 'lr_all': 0.007600000000000002, 'reg_all': 0.001, 'reg_bu': 0, 'reg_bi': 0}",1,True,567,0.007600000000000002,0.001,0,0
0.6692154765234212,0.687658971535077,0.6986463807058154,0.6710953293451141,0.6816540395273569,0.012155277428528276,136,1.6384729146957397,0.040079234369777374,0.07641381025314331,0.006106708372752742,"{'n_factors': 1, 'cache_ratings': 'True', 'n_epochs': 567, 'lr_all': 0.007650000000000001, 'reg_all': 0.001, 'reg_bu': 0, 'reg_bi': 0}",1,True,567,0.007650000000000001,0.001,0,0
0.6701713087146376,0.6873461332622622,0.6978030915735735,0.6715570129101578,0.6817193866151577,0.01147799836139368,144,1.6277922987937927,0.03557202816223451,0.07504475116729736,0.011276131357262513,"{'n_factors': 1, 'cache_ratings': 'True', 'n_epochs': 567, 'lr_all': 0.007700000000000001, 'reg_all': 0.001, 'reg_bu': 0, 'reg_bi': 0}",1,True,567,0.007700000000000001,0.001,0,0
0.6697738989766455,0.6883377512551184,0.6977731231349027,0.6711190303946339,0.6817509509403251,0.011796010432029843,145,1.6329699754714966,0.06587084760454741,0.08101093769073486,0.007204907107186353,"{'n_factors': 1, 'cache_ratings': 'True', 'n_epochs': 567, 'lr_all': 0.007750000000000002, 'reg_all': 0.001, 'reg_bu': 0, 'reg_bi': 0}",1,True,567,0.007750000000000002,0.001,0,0
0.6700047509997503,0.6883152207706854,0.6976821934182585,0.6721990063665343,0.6820502928888071,0.011464603799006053,152,1.6884580254554749,0.08257355723604064,0.07902628183364868,0.00920377086647805,"{'n_factors': 1, 'cache_ratings': 'True', 'n_epochs': 567, 'lr_all': 0.007800000000000001, 'reg_all': 0.001, 'reg_bu': 0, 'reg_bi': 0}",1,True,567,0.007800000000000001,0.001,0,0
0.6695805760423029,0.6874693622912743,0.698517924763091,0.6710579985620899,0.6816564654146895,0.012002637056240792,137,1.6818960905075073,0.04731458662748191,0.07727944850921631,0.008495947818828998,"{'n_factors': 1, 'cache_ratings': 'True', 'n_epochs': 567, 'lr_all': 0.007850000000000001, 'reg_all': 0.001, 'reg_bu': 0, 'reg_bi': 0}",1,True,567,0.007850000000000001,0.001,0,0
0.6697020447487483,0.6881102564260938,0.6973850649113926,0.6714976842380149,0.6816737625810625,0.011566633825713456,139,1.7155271768569946,0.05753961620665458,0.07054603099822998,0.005474902485167199,"{'n_factors': 1, 'cache_ratings': 'True', 'n_epochs': 567, 'lr_all': 0.0079, 'reg_all': 0.001, 'reg_bu': 0, 'reg_bi': 0}",1,True,567,0.0079,0.001,0,0
0.6700035332158282,0.6881182595774228,0.6977666527403249,0.6711401814528403,0.681757156746604,0.011700805759527986,146,1.6687443852424622,0.02025638351871666,0.07579278945922852,0.004886578500702888,"{'n_factors': 1, 'cache_ratings': 'True', 'n_epochs': 567, 'lr_all': 0.007950000000000002, 'reg_all': 0.001, 'reg_bu': 0, 'reg_bi': 0}",1,True,567,0.007950000000000002,0.001,0,0
0.6703092249549698,0.6882080184015809,0.6972505604589011,0.6710757544517708,0.6817108895668057,0.011476041449103247,142,1.7193483114242554,0.057343575034589804,0.07668715715408325,0.009049471471683033,"{'n_factors': 1, 'cache_ratings': 'True', 'n_epochs': 567, 'lr_all': 0.008000000000000002, 'reg_all': 0.001, 'reg_bu': 0, 'reg_bi': 0}",1,True,567,0.008000000000000002,0.001,0,0
0.6695485765255775,0.6881517587042624,0.6978771176043533,0.6709858818674558,0.6816408336754123,0.011892852281518733,134,1.6235122084617615,0.021985592644751858,0.07693171501159668,0.0015785054131362331,"{'n_factors': 1, 'cache_ratings': 'True', 'n_epochs': 567, 'lr_all': 0.008050000000000002, 'reg_all': 0.001, 'reg_bu': 0, 'reg_bi': 0}",1,True,567,0.008050000000000002,0.001,0,0
0.669914537564116,0.6878191534255635,0.6961714043693654,0.6716813996094384,0.6813966237421208,0.011020060266002284,127,1.6759885549545288,0.07629757782374273,0.075497567653656,0.004592926143504536,"{'n_factors': 1, 'cache_ratings': 'True', 'n_epochs': 567, 'lr_all': 0.008100000000000001, 'reg_all': 0.001, 'reg_bu': 0, 'reg_bi': 0}",1,True,567,0.008100000000000001,0.001,0,0
0.6700569712514551,0.6879005122625018,0.6978562689041701,0.6714629562202676,0.6818191771595987,0.011616494180984722,148,1.6501215696334839,0.022596146426127256,0.08203774690628052,0.00578779317374437,"{'n_factors': 1, 'cache_ratings': 'True', 'n_epochs': 567, 'lr_all': 0.008150000000000001, 'reg_all': 0.001, 'reg_bu': 0, 'reg_bi': 0}",1,True,567,0.008150000000000001,0.001,0,0
0.6697624467443919,0.6878643442654468,0.6982069311583142,0.6711995118122026,0.6817583084950889,0.011866230939923875,147,1.670460045337677,0.03842390159245465,0.08084416389465332,0.007337324859451645,"{'n_factors': 1, 'cache_ratings': 'True', 'n_epochs': 567, 'lr_all': 0.0082, 'reg_all': 0.001, 'reg_bu': 0, 'reg_bi': 0}",1,True,567,0.0082,0.001,0,0
0.6694526166743369,0.6881682963008333,0.6975764622565536,0.6716504677133284,0.681711960736263,0.0116714591642271,143,1.6533783078193665,0.017224178028994702,0.07917517423629761,0.003421579930618595,"{'n_factors': 1, 'cache_ratings': 'True', 'n_epochs': 567, 'lr_all': 0.008250000000000002, 'reg_all': 0.001, 'reg_bu': 0, 'reg_bi': 0}",1,True,567,0.008250000000000002,0.001,0,0
0.6704287337700712,0.6879168378125415,0.7008055352880154,0.6715859840101053,0.6826842727201833,0.012541233409717308,167,1.65326726436615,0.032299916446200394,0.0795556902885437,0.005827016255910403,"{'n_factors': 1, 'cache_ratings': 'True', 'n_epochs': 567, 'lr_all': 0.008300000000000002, 'reg_all': 0.001, 'reg_bu': 0, 'reg_bi': 0}",1,True,567,0.008300000000000002,0.001,0,0
0.670082071081571,0.6877593128112396,0.6964585858743567,0.6720774388307464,0.6815943521494785,0.010977891859228131,132,1.6592801213264465,0.03201990673253723,0.08194845914840698,0.010207354829260289,"{'n_factors': 1, 'cache_ratings': 'True', 'n_epochs': 567, 'lr_all': 0.008350000000000002, 'reg_all': 0.001, 'reg_bu': 0, 'reg_bi': 0}",1,True,567,0.008350000000000002,0.001,0,0
0.6709808734320332,0.689030891464899,0.6980601320462348,0.6709159226811741,0.6822469549060852,0.011740903389025434,156,1.6593640446662903,0.02783389089985294,0.07937026023864746,0.012931854144845843,"{'n_factors': 1, 'cache_ratings': 'True', 'n_epochs': 567, 'lr_all': 0.008400000000000001, 'reg_all': 0.001, 'reg_bu': 0, 'reg_bi': 0}",1,True,567,0.008400000000000001,0.001,0,0
0.6703803354138231,0.6887189417446299,0.6986200733287558,0.6721357089463016,0.6824637648583776,0.0117561850458898,160,1.6721485257148743,0.008238225711447722,0.0791977047920227,0.004751537751864502,"{'n_factors': 1, 'cache_ratings': 'True', 'n_epochs': 567, 'lr_all': 0.008450000000000001, 'reg_all': 0.001, 'reg_bu': 0, 'reg_bi': 0}",1,True,567,0.008450000000000001,0.001,0,0
0.6703425929455534,0.688747351580902,0.6995755633078458,0.671541616397241,0.6825517810578856,0.012231948499897193,162,1.6938669681549072,0.06480017303471301,0.07831448316574097,0.0114117023538724,"{'n_factors': 1, 'cache_ratings': 'True', 'n_epochs': 567, 'lr_all': 0.008500000000000002, 'reg_all': 0.001, 'reg_bu': 0, 'reg_bi': 0}",1,True,567,0.008500000000000002,0.001,0,0
0.6692799396092943,0.688575499998756,0.6983418115696012,0.671903359324238,0.6820251526254723,0.01197947791298071,151,1.6499435901641846,0.022508477240039865,0.07973122596740723,0.008708256857576759,"{'n_factors': 1, 'cache_ratings': 'True', 'n_epochs': 567, 'lr_all': 0.008550000000000002, 'reg_all': 0.001, 'reg_bu': 0, 'reg_bi': 0}",1,True,567,0.008550000000000002,0.001,0,0
0.670234709109781,0.6885051993080374,0.6991171868004409,0.6722492356219533,0.6825265827100532,0.01191329110997488,161,1.6739792823791504,0.015578135665934155,0.08221423625946045,0.00418004993356878,"{'n_factors': 1, 'cache_ratings': 'True', 'n_epochs': 567, 'lr_all': 0.008600000000000002, 'reg_all': 0.001, 'reg_bu': 0, 'reg_bi': 0}",1,True,567,0.008600000000000002,0.001,0,0
0.6711872232205457,0.6894101021298744,0.6998260791709574,0.6716329178778854,0.6830140805998157,0.012175362497084999,173,1.6572496891021729,0.07372147818416655,0.09019482135772705,0.00347453714635689,"{'n_factors': 1, 'cache_ratings': 'True', 'n_epochs': 567, 'lr_all': 0.008650000000000001, 'reg_all': 0.001, 'reg_bu': 0, 'reg_bi': 0}",1,True,567,0.008650000000000001,0.001,0,0
0.6707581108150308,0.6886927921823601,0.6981158417968613,0.6719765443471646,0.6823858222853542,0.011519202710536258,159,1.6748469471931458,0.04525744206776783,0.08400124311447144,0.003979616980250743,"{'n_factors': 1, 'cache_ratings': 'True', 'n_epochs': 567, 'lr_all': 0.008700000000000001, 'reg_all': 0.001, 'reg_bu': 0, 'reg_bi': 0}",1,True,567,0.008700000000000001,0.001,0,0
0.6702867120783489,0.6889192066344376,0.6968279080369609,0.6724293804714435,0.6821158018052977,0.011140988612619392,153,1.6546940803527832,0.04330806926017057,0.0813484787940979,0.009147014525504924,"{'n_factors': 1, 'cache_ratings': 'True', 'n_epochs': 567, 'lr_all': 0.00875, 'reg_all': 0.001, 'reg_bu': 0, 'reg_bi': 0}",1,True,567,0.00875,0.001,0,0
0.670186000308465,0.6883517347629983,0.6977966271869497,0.6712923232049406,0.6819066713658384,0.011662633226529332,149,1.7121267914772034,0.03929062251330316,0.09652477502822876,0.04418302579259594,"{'n_factors': 1, 'cache_ratings': 'True', 'n_epochs': 567, 'lr_all': 0.008800000000000002, 'reg_all': 0.001, 'reg_bu': 0, 'reg_bi': 0}",1,True,567,0.008800000000000002,0.001,0,0
0.6697425411504607,0.6881586273524263,0.6965832343922903,0.6723163123282322,0.6817001788058523,0.011115967677008468,141,1.6635431051254272,0.02789477318122068,0.08797276020050049,0.01067315255800102,"{'n_factors': 1, 'cache_ratings': 'True', 'n_epochs': 567, 'lr_all': 0.008850000000000002, 'reg_all': 0.001, 'reg_bu': 0, 'reg_bi': 0}",1,True,567,0.008850000000000002,0.001,0,0
0.6701561657819696,0.6891830793877113,0.699678081746525,0.6713304950469954,0.6825869554908004,0.012418211240559566,163,1.6425630450248718,0.018301816776558986,0.07594412565231323,0.005720556428824307,"{'n_factors': 1, 'cache_ratings': 'True', 'n_epochs': 567, 'lr_all': 0.008900000000000002, 'reg_all': 0.001, 'reg_bu': 0, 'reg_bi': 0}",1,True,567,0.008900000000000002,0.001,0,0
0.670688104347913,0.6882801315896985,0.6980266453687108,0.6718200576940894,0.682203734750103,0.011486052321839349,155,1.662716031074524,0.02143376723569031,0.07968854904174805,0.007381717514689169,"{'n_factors': 1, 'cache_ratings': 'True', 'n_epochs': 567, 'lr_all': 0.008950000000000001, 'reg_all': 0.001, 'reg_bu': 0, 'reg_bi': 0}",1,True,567,0.008950000000000001,0.001,0,0
0.6706042124631048,0.6894430479871593,0.6984565050847091,0.6720739101722397,0.6826444189268033,0.011757398232433776,164,1.6562125086784363,0.022690523926188602,0.07311898469924927,0.004923062744782894,"{'n_factors': 1, 'cache_ratings': 'True', 'n_epochs': 567, 'lr_all': 0.009000000000000001, 'reg_all': 0.001, 'reg_bu': 0, 'reg_bi': 0}",1,True,567,0.009000000000000001,0.001,0,0
0.6709099515652391,0.6889445239486471,0.6994679307405908,0.6720891246943,0.6828528827371942,0.011954706238426236,172,1.7081742882728577,0.07928312912202948,0.0869641900062561,0.011466151487833802,"{'n_factors': 1, 'cache_ratings': 'True', 'n_epochs': 567, 'lr_all': 0.009050000000000002, 'reg_all': 0.001, 'reg_bu': 0, 'reg_bi': 0}",1,True,567,0.009050000000000002,0.001,0,0
0.6707482552803001,0.6898839732664745,0.6981300428619239,0.6719318845258895,0.6826735389836471,0.011709925347555989,166,1.6580188870429993,0.08901596783700434,0.07595807313919067,0.0030613268152314944,"{'n_factors': 1, 'cache_ratings': 'True', 'n_epochs': 567, 'lr_all': 0.009100000000000002, 'reg_all': 0.001, 'reg_bu': 0, 'reg_bi': 0}",1,True,567,0.009100000000000002,0.001,0,0
0.6714221856547369,0.689289812357565,0.7001869397998295,0.6723367038719789,0.6833089104210276,0.012065680729974524,181,1.6665714383125305,0.07360741808854511,0.07312315702438354,0.004992541318589849,"{'n_factors': 1, 'cache_ratings': 'True', 'n_epochs': 567, 'lr_all': 0.009150000000000002, 'reg_all': 0.001, 'reg_bu': 0, 'reg_bi': 0}",1,True,567,0.009150000000000002,0.001,0,0
0.670681996275507,0.689069557734333,0.6950740818248994,0.671749812342857,0.6816438620443991,0.010648550141496235,135,1.636533260345459,0.028149904062400522,0.08286774158477783,0.014188439729360982,"{'n_factors': 1, 'cache_ratings': 'True', 'n_epochs': 567, 'lr_all': 0.009200000000000002, 'reg_all': 0.001, 'reg_bu': 0, 'reg_bi': 0}",1,True,567,0.009200000000000002,0.001,0,0
0.6709555763758908,0.6898779130044674,0.6999460362553191,0.6716180502040144,0.6830993939599229,0.012339481725561584,177,1.6464482545852661,0.0414034759647712,0.0752750039100647,0.011684001506765969,"{'n_factors': 1, 'cache_ratings': 'True', 'n_epochs': 567, 'lr_all': 0.009250000000000001, 'reg_all': 0.001, 'reg_bu': 0, 'reg_bi': 0}",1,True,567,0.009250000000000001,0.001,0,0
0.6703124719912545,0.6890321132496653,0.6989233839095638,0.6730016484681606,0.6828174044046611,0.01173400593477489,171,1.6660123467445374,0.0673455829364766,0.07328540086746216,0.01379971404763764,"{'n_factors': 1, 'cache_ratings': 'True', 'n_epochs': 567, 'lr_all': 0.009300000000000001, 'reg_all': 0.001, 'reg_bu': 0, 'reg_bi': 0}",1,True,567,0.009300000000000001,0.001,0,0
0.6710412709087159,0.688691566532101,0.6998436796629528,0.672525895938561,0.6830256032605826,0.011924962363025177,175,1.6689113974571228,0.05930533854457188,0.07313847541809082,0.011402672497127467,"{'n_factors': 1, 'cache_ratings': 'True', 'n_epochs': 567, 'lr_all': 0.009350000000000002, 'reg_all': 0.001, 'reg_bu': 0, 'reg_bi': 0}",1,True,567,0.009350000000000002,0.001,0,0
0.6711503514589227,0.6892836601576493,0.6988733441074901,0.6716576034541967,0.6827412397945647,0.011834734267245515,169,1.6630483269691467,0.08338888743609271,0.08344799280166626,0.008215731291255217,"{'n_factors': 1, 'cache_ratings': 'True', 'n_epochs': 567, 'lr_all': 0.009400000000000002, 'reg_all': 0.001, 'reg_bu': 0, 'reg_bi': 0}",1,True,567,0.009400000000000002,0.001,0,0
0.6714464413473262,0.6894820450840655,0.6959811035286547,0.672137781557372,0.6822618428793545,0.010721694835596334,157,1.6537999510765076,0.023094241932386333,0.08083522319793701,0.012595748879005744,"{'n_factors': 1, 'cache_ratings': 'True', 'n_epochs': 567, 'lr_all': 0.009450000000000002, 'reg_all': 0.001, 'reg_bu': 0, 'reg_bi': 0}",1,True,567,0.009450000000000002,0.001,0,0
0.6705097075049047,0.6893364428532341,0.698688126127736,0.6707443021882884,0.6823196446685409,0.012151397156180256,158,1.635986328125,0.06347105603762951,0.08828026056289673,0.03275332531821516,"{'n_factors': 1, 'cache_ratings': 'True', 'n_epochs': 567, 'lr_all': 0.009500000000000001, 'reg_all': 0.001, 'reg_bu': 0, 'reg_bi': 0}",1,True,567,0.009500000000000001,0.001,0,0
0.6715546121307929,0.6899459983210358,0.6967264591443283,0.6725512173994479,0.6826945717489012,0.010914020672518688,168,1.6839357614517212,0.0770800068004319,0.06688249111175537,0.00769943965918087,"{'n_factors': 1, 'cache_ratings': 'True', 'n_epochs': 567, 'lr_all': 0.009550000000000001, 'reg_all': 0.001, 'reg_bu': 0, 'reg_bi': 0}",1,True,567,0.009550000000000001,0.001,0,0
0.6703308615565843,0.6900313881705007,0.6991444200693774,0.671652148764016,0.6827897046401197,0.012239144363472478,170,1.6626538038253784,0.09951409280181392,0.079708993434906,0.009412669522619287,"{'n_factors': 1, 'cache_ratings': 'True', 'n_epochs': 567, 'lr_all': 0.009600000000000001, 'reg_all': 0.001, 'reg_bu': 0, 'reg_bi': 0}",1,True,567,0.009600000000000001,0.001,0,0
0.6705625051403739,0.6897702922524918,0.6981527951840577,0.6721451830960194,0.6826576939182356,0.011699291577504487,165,1.7440347075462341,0.15694567512112817,0.07317066192626953,0.00980895894854907,"{'n_factors': 1, 'cache_ratings': 'True', 'n_epochs': 567, 'lr_all': 0.009650000000000002, 'reg_all': 0.001, 'reg_bu': 0, 'reg_bi': 0}",1,True,567,0.009650000000000002,0.001,0,0
0.6710750127493129,0.689820717716892,0.7002129587557353,0.6716502328890268,0.6831897305277418,0.012386350178825065,180,1.5938507318496704,0.08748849427593955,0.08015304803848267,0.007509504100729746,"{'n_factors': 1, 'cache_ratings': 'True', 'n_epochs': 567, 'lr_all': 0.009700000000000002, 'reg_all': 0.001, 'reg_bu': 0, 'reg_bi': 0}",1,True,567,0.009700000000000002,0.001,0,0
0.6715839446423548,0.689571180292409,0.6986805052096005,0.6728928191792676,0.683182112330908,0.011417173670957029,179,1.602019190788269,0.04967923537391777,0.07360029220581055,0.005988622385134007,"{'n_factors': 1, 'cache_ratings': 'True', 'n_epochs': 567, 'lr_all': 0.009750000000000002, 'reg_all': 0.001, 'reg_bu': 0, 'reg_bi': 0}",1,True,567,0.009750000000000002,0.001,0,0
0.6714848489725422,0.689839468682967,0.6984920220034792,0.6722599609192066,0.6830190751445488,0.01156207988230428,174,1.6057077646255493,0.01388003983369484,0.08231663703918457,0.0044553252796728894,"{'n_factors': 1, 'cache_ratings': 'True', 'n_epochs': 567, 'lr_all': 0.009800000000000001, 'reg_all': 0.001, 'reg_bu': 0, 'reg_bi': 0}",1,True,567,0.009800000000000001,0.001,0,0
0.6718743113336779,0.6901868900927411,0.6981672169373279,0.6719654000269418,0.6830484545976722,0.011480742705747598,176,1.6642673015594482,0.026237088065408205,0.06289303302764893,0.006308419030097732,"{'n_factors': 1, 'cache_ratings': 'True', 'n_epochs': 567, 'lr_all': 0.009850000000000001, 'reg_all': 0.001, 'reg_bu': 0, 'reg_bi': 0}",1,True,567,0.009850000000000001,0.001,0,0
0.671310190279375,0.6903809070780639,0.6993369576881431,0.6725255725184784,0.6833884068910152,0.011907306774805454,182,1.5944781303405762,0.03863517716806265,0.06129580736160278,0.0031750677435944752,"{'n_factors': 1, 'cache_ratings': 'True', 'n_epochs': 567, 'lr_all': 0.009900000000000003, 'reg_all': 0.001, 'reg_bu': 0, 'reg_bi': 0}",1,True,567,0.009900000000000003,0.001,0,0
0.6712212437717243,0.6895584482551133,0.7006036024554327,0.6728355192154268,0.6835547034244243,0.012183236918741503,184,1.4661011695861816,0.06242553553447188,0.056388676166534424,0.0004942642669746941,"{'n_factors': 1, 'cache_ratings': 'True', 'n_epochs': 567, 'lr_all': 0.009950000000000002, 'reg_all': 0.001, 'reg_bu': 0, 'reg_bi': 0}",1,True,567,0.009950000000000002,0.001,0,0
