split0_test_rmse,split1_test_rmse,split2_test_rmse,mean_test_rmse,std_test_rmse,rank_test_rmse,mean_fit_time,std_fit_time,mean_test_time,std_test_time,params,param_n_factors,param_cache_ratings,param_n_epochs,param_lr_all,param_reg_all,param_reg_bu,param_reg_bi
0.7006218198380753,0.6935611989043399,0.6998548358356439,0.6980126181926863,0.0031631646996316473,65,1.6774663130442302,0.04733336193960148,0.09563398361206055,0.0036050086016272175,"{'n_factors': 1, 'cache_ratings': 'True', 'n_epochs': 641, 'lr_all': 0.001, 'reg_all': 0.10000000000000082, 'reg_bu': 0, 'reg_bi': 0}",1,True,641,0.001,0.10000000000000082,0,0
0.691157459434667,0.6841737757391398,0.6883715686533997,0.6879009346090688,0.002870433392661039,24,1.6042858759562175,0.0767483246470345,0.09499295552571614,0.00642356691944511,"{'n_factors': 1, 'cache_ratings': 'True', 'n_epochs': 641, 'lr_all': 0.002, 'reg_all': 0.10000000000000082, 'reg_bu': 0, 'reg_bi': 0}",1,True,641,0.002,0.10000000000000082,0,0
0.6898377881598137,0.6824239279888862,0.6857073812583943,0.685989699135698,0.0030332719623535494,13,1.6383903821309407,0.11315903343063521,0.0985872745513916,0.0073648326045232665,"{'n_factors': 1, 'cache_ratings': 'True', 'n_epochs': 641, 'lr_all': 0.003, 'reg_all': 0.10000000000000082, 'reg_bu': 0, 'reg_bi': 0}",1,True,641,0.003,0.10000000000000082,0,0
0.6892668796840034,0.6818545810309018,0.6852003513024518,0.6854406040057857,0.003030823194203977,4,1.5298724174499512,0.02101659669928387,0.0946046511332194,0.009828243138937064,"{'n_factors': 1, 'cache_ratings': 'True', 'n_epochs': 641, 'lr_all': 0.004, 'reg_all': 0.10000000000000082, 'reg_bu': 0, 'reg_bi': 0}",1,True,641,0.004,0.10000000000000082,0,0
0.6899935336983389,0.6818440551397124,0.6851844710630256,0.6856740199670256,0.0033449707314548408,8,1.7052022616068523,0.07663005613230087,0.1470669905344645,0.02226490477762186,"{'n_factors': 1, 'cache_ratings': 'True', 'n_epochs': 641, 'lr_all': 0.005, 'reg_all': 0.10000000000000082, 'reg_bu': 0, 'reg_bi': 0}",1,True,641,0.005,0.10000000000000082,0,0
0.6899520451811053,0.6814791760446004,0.6854302468480028,0.6856204893579028,0.003461649126309037,6,1.4557036558787029,0.013467374705002493,0.12162645657857259,0.026960171463257552,"{'n_factors': 1, 'cache_ratings': 'True', 'n_epochs': 641, 'lr_all': 0.006, 'reg_all': 0.10000000000000082, 'reg_bu': 0, 'reg_bi': 0}",1,True,641,0.006,0.10000000000000082,0,0
0.689935449506024,0.6812736686768176,0.6847631395889302,0.6853240859239239,0.003558333634007095,2,1.6523456573486328,0.10333042469672918,0.09869106610616048,0.008661627651250977,"{'n_factors': 1, 'cache_ratings': 'True', 'n_epochs': 641, 'lr_all': 0.007, 'reg_all': 0.10000000000000082, 'reg_bu': 0, 'reg_bi': 0}",1,True,641,0.007,0.10000000000000082,0,0
0.6898553617012444,0.680883334280257,0.6854336121066625,0.6853907693627214,0.0036629401338513605,3,1.6562096277872722,0.14488188077490935,0.1541882356007894,0.055837036991206,"{'n_factors': 1, 'cache_ratings': 'True', 'n_epochs': 641, 'lr_all': 0.008, 'reg_all': 0.10000000000000082, 'reg_bu': 0, 'reg_bi': 0}",1,True,641,0.008,0.10000000000000082,0,0
0.6901624604931499,0.6808941491402162,0.684794320517668,0.685283643383678,0.003799559315160131,1,1.7120209534962971,0.13034595793563902,0.10242787996927898,0.01307610314883409,"{'n_factors': 1, 'cache_ratings': 'True', 'n_epochs': 641, 'lr_all': 0.009000000000000001, 'reg_all': 0.10000000000000082, 'reg_bu': 0, 'reg_bi': 0}",1,True,641,0.009000000000000001,0.10000000000000082,0,0
0.6907905982901377,0.6813980030588354,0.684799153098297,0.6856625848157566,0.00388281230062329,7,1.7393712997436523,0.18764737053489602,0.10991700490315755,0.018673100552754594,"{'n_factors': 1, 'cache_ratings': 'True', 'n_epochs': 641, 'lr_all': 0.01, 'reg_all': 0.10000000000000082, 'reg_bu': 0, 'reg_bi': 0}",1,True,641,0.01,0.10000000000000082,0,0
0.6904981310080188,0.6810246669443121,0.6851527710489267,0.6855585230004193,0.0038781530248466456,5,1.7387456099192302,0.07578123330432412,0.0903460184733073,0.028893279928681827,"{'n_factors': 1, 'cache_ratings': 'True', 'n_epochs': 641, 'lr_all': 0.011, 'reg_all': 0.10000000000000082, 'reg_bu': 0, 'reg_bi': 0}",1,True,641,0.011,0.10000000000000082,0,0
0.69089094056748,0.6809922696334821,0.6855340450709104,0.6858057517572909,0.00404567999702246,9,1.775085687637329,0.08724651601388625,0.1216890017191569,0.00998172645525085,"{'n_factors': 1, 'cache_ratings': 'True', 'n_epochs': 641, 'lr_all': 0.012, 'reg_all': 0.10000000000000082, 'reg_bu': 0, 'reg_bi': 0}",1,True,641,0.012,0.10000000000000082,0,0
0.6913971936897926,0.680964275170613,0.6855344364014436,0.6859653017539498,0.004270103895765912,10,1.853591759999593,0.13054354395243492,0.11188213030497234,0.02852008198104764,"{'n_factors': 1, 'cache_ratings': 'True', 'n_epochs': 641, 'lr_all': 0.013000000000000001, 'reg_all': 0.10000000000000082, 'reg_bu': 0, 'reg_bi': 0}",1,True,641,0.013000000000000001,0.10000000000000082,0,0
0.6913535858022001,0.681126117269526,0.6854658497183174,0.6859818509300144,0.004191258449405089,12,1.9225873947143555,0.0855731711599188,0.12394396464029948,0.010834017183140789,"{'n_factors': 1, 'cache_ratings': 'True', 'n_epochs': 641, 'lr_all': 0.014, 'reg_all': 0.10000000000000082, 'reg_bu': 0, 'reg_bi': 0}",1,True,641,0.014,0.10000000000000082,0,0
0.6916524785286335,0.6807709945136515,0.6854917410021236,0.6859717380148029,0.004455294336794749,11,1.8599012692769368,0.08094974865220904,0.14952540397644043,0.026140410806151582,"{'n_factors': 1, 'cache_ratings': 'True', 'n_epochs': 641, 'lr_all': 0.015, 'reg_all': 0.10000000000000082, 'reg_bu': 0, 'reg_bi': 0}",1,True,641,0.015,0.10000000000000082,0,0
0.6921213512527531,0.6810266900282564,0.6855819650181042,0.686243335433038,0.004553455467437124,14,1.820893367131551,0.040781313507403626,0.11203066507975261,0.020042738145298732,"{'n_factors': 1, 'cache_ratings': 'True', 'n_epochs': 641, 'lr_all': 0.016, 'reg_all': 0.10000000000000082, 'reg_bu': 0, 'reg_bi': 0}",1,True,641,0.016,0.10000000000000082,0,0
0.6925220623660288,0.6814172663089186,0.6857015235330233,0.6865469507359903,0.004572758775920689,15,1.909812053044637,0.05017762952561428,0.11499404907226562,0.0065620957719515595,"{'n_factors': 1, 'cache_ratings': 'True', 'n_epochs': 641, 'lr_all': 0.017, 'reg_all': 0.10000000000000082, 'reg_bu': 0, 'reg_bi': 0}",1,True,641,0.017,0.10000000000000082,0,0
0.6924515451267205,0.6813798647548783,0.6859303426283351,0.6865872508366446,0.004543799647847381,16,1.7387536366780598,0.037192128820419355,0.17232139905293783,0.0530672491035187,"{'n_factors': 1, 'cache_ratings': 'True', 'n_epochs': 641, 'lr_all': 0.018000000000000002, 'reg_all': 0.10000000000000082, 'reg_bu': 0, 'reg_bi': 0}",1,True,641,0.018000000000000002,0.10000000000000082,0,0
0.6925940072073908,0.6813219509772697,0.6859572486772286,0.6866244022872964,0.0046259149270404315,17,1.7945055961608887,0.055805825224108506,0.15991576512654623,0.028010387218504584,"{'n_factors': 1, 'cache_ratings': 'True', 'n_epochs': 641, 'lr_all': 0.019, 'reg_all': 0.10000000000000082, 'reg_bu': 0, 'reg_bi': 0}",1,True,641,0.019,0.10000000000000082,0,0
0.6929040096240325,0.681398945835298,0.6862394863748746,0.6868474806114017,0.00471655707336401,18,1.8008919556935628,0.0857875258239518,0.14837543169657388,0.017370707131499675,"{'n_factors': 1, 'cache_ratings': 'True', 'n_epochs': 641, 'lr_all': 0.02, 'reg_all': 0.10000000000000082, 'reg_bu': 0, 'reg_bi': 0}",1,True,641,0.02,0.10000000000000082,0,0
0.6930849225393156,0.6816752950870988,0.6862513291998681,0.6870038489420942,0.004688255832142349,19,1.999897797902425,0.05850346191297967,0.09952322642008464,0.017796731170124504,"{'n_factors': 1, 'cache_ratings': 'True', 'n_epochs': 641, 'lr_all': 0.021, 'reg_all': 0.10000000000000082, 'reg_bu': 0, 'reg_bi': 0}",1,True,641,0.021,0.10000000000000082,0,0
0.6934265877901545,0.681585455227493,0.6864243858953983,0.6871454763043486,0.0048609384296341195,20,1.987017313639323,0.07899749925665583,0.09490664800008138,0.005576952788580142,"{'n_factors': 1, 'cache_ratings': 'True', 'n_epochs': 641, 'lr_all': 0.022, 'reg_all': 0.10000000000000082, 'reg_bu': 0, 'reg_bi': 0}",1,True,641,0.022,0.10000000000000082,0,0
0.6937569457545981,0.6818291728701716,0.6866478793311277,0.6874113326519659,0.004899325615186846,22,1.8498010635375977,0.032065671497184936,0.09698446591695149,0.0017629854411366382,"{'n_factors': 1, 'cache_ratings': 'True', 'n_epochs': 641, 'lr_all': 0.023, 'reg_all': 0.10000000000000082, 'reg_bu': 0, 'reg_bi': 0}",1,True,641,0.023,0.10000000000000082,0,0
0.6938507156981399,0.6817290104702924,0.6866194344575873,0.6873997202086732,0.0049793285221816225,21,1.8100470701853435,0.06265665760100077,0.10195088386535645,0.01197068825394684,"{'n_factors': 1, 'cache_ratings': 'True', 'n_epochs': 641, 'lr_all': 0.024, 'reg_all': 0.10000000000000082, 'reg_bu': 0, 'reg_bi': 0}",1,True,641,0.024,0.10000000000000082,0,0
0.6942980165317649,0.6820454371532142,0.6869114081410086,0.6877516206086627,0.005037254086637716,23,1.4985997676849365,0.028385041174101053,0.11188658078511556,0.007892828150971113,"{'n_factors': 1, 'cache_ratings': 'True', 'n_epochs': 641, 'lr_all': 0.025, 'reg_all': 0.10000000000000082, 'reg_bu': 0, 'reg_bi': 0}",1,True,641,0.025,0.10000000000000082,0,0
0.6944479857862382,0.6822115848986979,0.6870746385795977,0.687911403088178,0.005030408055169011,25,1.5250600973765056,0.026220262854377296,0.0960696538289388,0.004630509699895335,"{'n_factors': 1, 'cache_ratings': 'True', 'n_epochs': 641, 'lr_all': 0.026000000000000002, 'reg_all': 0.10000000000000082, 'reg_bu': 0, 'reg_bi': 0}",1,True,641,0.026000000000000002,0.10000000000000082,0,0
0.694671485183711,0.6822937934226736,0.6871623269290965,0.6880425351784938,0.005091357923288154,26,1.6249600251515706,0.1389608310805416,0.09849945704142253,0.011496881832344636,"{'n_factors': 1, 'cache_ratings': 'True', 'n_epochs': 641, 'lr_all': 0.027, 'reg_all': 0.10000000000000082, 'reg_bu': 0, 'reg_bi': 0}",1,True,641,0.027,0.10000000000000082,0,0
0.6949772786567743,0.6823687697734871,0.6874137539987701,0.6882532674763437,0.005181519161034632,27,1.5209896564483643,0.028252699719029353,0.10364492734273274,0.008286796429048254,"{'n_factors': 1, 'cache_ratings': 'True', 'n_epochs': 641, 'lr_all': 0.028, 'reg_all': 0.10000000000000082, 'reg_bu': 0, 'reg_bi': 0}",1,True,641,0.028,0.10000000000000082,0,0
0.6952401371269601,0.6823931807594654,0.6874819956376444,0.68837177117469,0.005282350951159369,28,1.551553726196289,0.019408026722766807,0.10342550277709961,0.01245373289022391,"{'n_factors': 1, 'cache_ratings': 'True', 'n_epochs': 641, 'lr_all': 0.029, 'reg_all': 0.10000000000000082, 'reg_bu': 0, 'reg_bi': 0}",1,True,641,0.029,0.10000000000000082,0,0
0.6955659309523641,0.6827211414388409,0.6875942338799934,0.6886271020903995,0.005294479323895119,29,1.4991382757822673,0.058283241530673914,0.09151498476664226,0.011704545228509649,"{'n_factors': 1, 'cache_ratings': 'True', 'n_epochs': 641, 'lr_all': 0.03, 'reg_all': 0.10000000000000082, 'reg_bu': 0, 'reg_bi': 0}",1,True,641,0.03,0.10000000000000082,0,0
0.6957953317066415,0.6829037093044814,0.6877936782567678,0.6888309064226302,0.005313841281095561,30,1.5822296142578125,0.028533325009754276,0.09395432472229004,0.00234983528420933,"{'n_factors': 1, 'cache_ratings': 'True', 'n_epochs': 641, 'lr_all': 0.031, 'reg_all': 0.10000000000000082, 'reg_bu': 0, 'reg_bi': 0}",1,True,641,0.031,0.10000000000000082,0,0
0.6960718651476495,0.6827978039264246,0.6878656322010895,0.6889117670917213,0.005469367665050763,31,1.5502159595489502,0.04572457436079915,0.1011044184366862,0.0003770814927872528,"{'n_factors': 1, 'cache_ratings': 'True', 'n_epochs': 641, 'lr_all': 0.032, 'reg_all': 0.10000000000000082, 'reg_bu': 0, 'reg_bi': 0}",1,True,641,0.032,0.10000000000000082,0,0
0.6963283911712135,0.6832220823934956,0.6881166542321074,0.6892223759322721,0.0054074515132905695,32,1.516067345937093,0.047819355012189986,0.0982660452524821,0.009373608439543914,"{'n_factors': 1, 'cache_ratings': 'True', 'n_epochs': 641, 'lr_all': 0.033, 'reg_all': 0.10000000000000082, 'reg_bu': 0, 'reg_bi': 0}",1,True,641,0.033,0.10000000000000082,0,0
0.6966098585683157,0.6831973941945207,0.6883378306383721,0.6893816944670695,0.005525141863290442,33,1.5521934032440186,0.021391949012653306,0.0913239320119222,0.002263641318024729,"{'n_factors': 1, 'cache_ratings': 'True', 'n_epochs': 641, 'lr_all': 0.034, 'reg_all': 0.10000000000000082, 'reg_bu': 0, 'reg_bi': 0}",1,True,641,0.034,0.10000000000000082,0,0
0.696939181585362,0.6831891588805079,0.6885021488755119,0.6895434964471273,0.0056615124404280955,34,1.4973026911417644,0.07680657197374967,0.10014208157857259,0.008006610389803734,"{'n_factors': 1, 'cache_ratings': 'True', 'n_epochs': 641, 'lr_all': 0.035, 'reg_all': 0.10000000000000082, 'reg_bu': 0, 'reg_bi': 0}",1,True,641,0.035,0.10000000000000082,0,0
0.6970461075355945,0.6836277469019061,0.6887626909074364,0.6898121817816456,0.005528060168824507,35,1.5182143847147624,0.018626953944062708,0.10763263702392578,0.005975057213054026,"{'n_factors': 1, 'cache_ratings': 'True', 'n_epochs': 641, 'lr_all': 0.036000000000000004, 'reg_all': 0.10000000000000082, 'reg_bu': 0, 'reg_bi': 0}",1,True,641,0.036000000000000004,0.10000000000000082,0,0
0.697527414817341,0.6835911448763913,0.6889916837262773,0.6900367478066699,0.005737248130468712,36,1.5415090719858806,0.02113426092783372,0.10584600766499837,0.010727580757054744,"{'n_factors': 1, 'cache_ratings': 'True', 'n_epochs': 641, 'lr_all': 0.037, 'reg_all': 0.10000000000000082, 'reg_bu': 0, 'reg_bi': 0}",1,True,641,0.037,0.10000000000000082,0,0
0.6978379054122855,0.683883619478114,0.6891615312093683,0.690294352033256,0.005752853567139765,37,1.5894273122151692,0.05215057889294915,0.1275803248087565,0.01321818382992815,"{'n_factors': 1, 'cache_ratings': 'True', 'n_epochs': 641, 'lr_all': 0.038, 'reg_all': 0.10000000000000082, 'reg_bu': 0, 'reg_bi': 0}",1,True,641,0.038,0.10000000000000082,0,0
0.6981008035742324,0.6839893430312566,0.6893494610389025,0.6904798692147972,0.0058161669306103555,38,1.5770617326100667,0.02130933098245796,0.12605134646097818,0.012343040877977059,"{'n_factors': 1, 'cache_ratings': 'True', 'n_epochs': 641, 'lr_all': 0.039, 'reg_all': 0.10000000000000082, 'reg_bu': 0, 'reg_bi': 0}",1,True,641,0.039,0.10000000000000082,0,0
0.6983269569806956,0.684093925489631,0.689500871662427,0.6906405847109179,0.0058662313700867195,39,1.6202885309855144,0.05274453817066459,0.11098798116048177,0.007321976481365588,"{'n_factors': 1, 'cache_ratings': 'True', 'n_epochs': 641, 'lr_all': 0.04, 'reg_all': 0.10000000000000082, 'reg_bu': 0, 'reg_bi': 0}",1,True,641,0.04,0.10000000000000082,0,0
0.6986896228146824,0.6844049176722634,0.6897554013400092,0.6909499806089849,0.005892563956596076,40,1.6852402687072754,0.07775857305896162,0.09854269027709961,0.012427601239430215,"{'n_factors': 1, 'cache_ratings': 'True', 'n_epochs': 641, 'lr_all': 0.041, 'reg_all': 0.10000000000000082, 'reg_bu': 0, 'reg_bi': 0}",1,True,641,0.041,0.10000000000000082,0,0
0.6990619030976742,0.684622035546325,0.6898493046772806,0.69117774777376,0.005969422893410792,41,1.6266424655914307,0.04035121241708964,0.09576821327209473,0.004247450110266994,"{'n_factors': 1, 'cache_ratings': 'True', 'n_epochs': 641, 'lr_all': 0.042, 'reg_all': 0.10000000000000082, 'reg_bu': 0, 'reg_bi': 0}",1,True,641,0.042,0.10000000000000082,0,0
0.6993484097671908,0.6848463064512924,0.6902128811242744,0.6914691991142524,0.0059867354106226634,42,1.6575326919555664,0.06004437679236577,0.10227600733439128,0.004065036546838281,"{'n_factors': 1, 'cache_ratings': 'True', 'n_epochs': 641, 'lr_all': 0.043000000000000003, 'reg_all': 0.10000000000000082, 'reg_bu': 0, 'reg_bi': 0}",1,True,641,0.043000000000000003,0.10000000000000082,0,0
0.699710941730879,0.6851898662945073,0.6903208415190765,0.6917405498481543,0.006012602695557563,43,1.6975953578948975,0.08335522624606127,0.10381396611531575,0.006184393277585764,"{'n_factors': 1, 'cache_ratings': 'True', 'n_epochs': 641, 'lr_all': 0.044, 'reg_all': 0.10000000000000082, 'reg_bu': 0, 'reg_bi': 0}",1,True,641,0.044,0.10000000000000082,0,0
0.7000080494854753,0.6851296719459136,0.6906591218479036,0.6919322810930976,0.006140425088441962,44,1.5482981204986572,0.04637429256890265,0.10239768028259277,0.012744203886445388,"{'n_factors': 1, 'cache_ratings': 'True', 'n_epochs': 641, 'lr_all': 0.045, 'reg_all': 0.10000000000000082, 'reg_bu': 0, 'reg_bi': 0}",1,True,641,0.045,0.10000000000000082,0,0
0.7003606871805502,0.6853458072930126,0.6909158754755543,0.6922074566497057,0.006197461359640837,45,1.725812594095866,0.11518989565117184,0.1062163511912028,0.01754167619931685,"{'n_factors': 1, 'cache_ratings': 'True', 'n_epochs': 641, 'lr_all': 0.046, 'reg_all': 0.10000000000000082, 'reg_bu': 0, 'reg_bi': 0}",1,True,641,0.046,0.10000000000000082,0,0
0.7006798536481921,0.685633737461668,0.6911048772275283,0.6924728227791294,0.006218245162353788,46,1.6436633268992107,0.025657842600496257,0.10717193285624187,0.009452480896569875,"{'n_factors': 1, 'cache_ratings': 'True', 'n_epochs': 641, 'lr_all': 0.047, 'reg_all': 0.10000000000000082, 'reg_bu': 0, 'reg_bi': 0}",1,True,641,0.047,0.10000000000000082,0,0
0.7010296535967504,0.6858469841766391,0.6914405582552156,0.6927723986762017,0.0062694344168260675,47,1.6945916811625164,0.051400465207632764,0.10851502418518066,0.00525060564965308,"{'n_factors': 1, 'cache_ratings': 'True', 'n_epochs': 641, 'lr_all': 0.048, 'reg_all': 0.10000000000000082, 'reg_bu': 0, 'reg_bi': 0}",1,True,641,0.048,0.10000000000000082,0,0
0.7014105421630475,0.686033720575229,0.691631051086175,0.6930251046081505,0.006354483952428113,48,1.5990610122680664,0.04080671898324604,0.08713134129842122,0.010755630951351965,"{'n_factors': 1, 'cache_ratings': 'True', 'n_epochs': 641, 'lr_all': 0.049, 'reg_all': 0.10000000000000082, 'reg_bu': 0, 'reg_bi': 0}",1,True,641,0.049,0.10000000000000082,0,0
0.7017098487729276,0.6862642347432324,0.6918902908745991,0.6932881247969197,0.006382643284427558,49,1.5924551486968994,0.016474075970560866,0.10234522819519043,0.005286543567370442,"{'n_factors': 1, 'cache_ratings': 'True', 'n_epochs': 641, 'lr_all': 0.05, 'reg_all': 0.10000000000000082, 'reg_bu': 0, 'reg_bi': 0}",1,True,641,0.05,0.10000000000000082,0,0
0.702077462819774,0.6864655874095923,0.6921130272943621,0.6935520258412428,0.006454233807829956,50,1.5877300103505452,0.03834231696944372,0.09755810101826985,0.012140746400139768,"{'n_factors': 1, 'cache_ratings': 'True', 'n_epochs': 641, 'lr_all': 0.051000000000000004, 'reg_all': 0.10000000000000082, 'reg_bu': 0, 'reg_bi': 0}",1,True,641,0.051000000000000004,0.10000000000000082,0,0
0.7024121109017707,0.6865673050870084,0.6923952138581095,0.6937915432822962,0.006543534708525591,51,1.560691515604655,0.05412376696032187,0.0986188252766927,0.003600667141127857,"{'n_factors': 1, 'cache_ratings': 'True', 'n_epochs': 641, 'lr_all': 0.052000000000000005, 'reg_all': 0.10000000000000082, 'reg_bu': 0, 'reg_bi': 0}",1,True,641,0.052000000000000005,0.10000000000000082,0,0
0.7028227127836894,0.687013464490499,0.692656059205739,0.6941640788266424,0.0065415938568368,52,1.5093873341878254,0.027926742902307837,0.09048064549763997,0.009867264612292556,"{'n_factors': 1, 'cache_ratings': 'True', 'n_epochs': 641, 'lr_all': 0.053, 'reg_all': 0.10000000000000082, 'reg_bu': 0, 'reg_bi': 0}",1,True,641,0.053,0.10000000000000082,0,0
0.7031866800769838,0.6871311028795237,0.6929604702975157,0.6944260844180078,0.006636083601469536,53,1.5328324635823567,0.07080321041482304,0.10151036580403645,0.0187158947287584,"{'n_factors': 1, 'cache_ratings': 'True', 'n_epochs': 641, 'lr_all': 0.054, 'reg_all': 0.10000000000000082, 'reg_bu': 0, 'reg_bi': 0}",1,True,641,0.054,0.10000000000000082,0,0
0.7035049563316813,0.6874613985699608,0.6931728673744877,0.6947130740920432,0.0066396844283955776,54,1.5354689757029216,0.01898533149338053,0.11869502067565918,0.04402772912919202,"{'n_factors': 1, 'cache_ratings': 'True', 'n_epochs': 641, 'lr_all': 0.055, 'reg_all': 0.10000000000000082, 'reg_bu': 0, 'reg_bi': 0}",1,True,641,0.055,0.10000000000000082,0,0
0.7039281487942508,0.6875016947348851,0.6935068651236277,0.6949789028842545,0.00678637210973318,55,1.491914431254069,0.04459640072583149,0.09781487782796223,0.0039958144910990385,"{'n_factors': 1, 'cache_ratings': 'True', 'n_epochs': 641, 'lr_all': 0.056, 'reg_all': 0.10000000000000082, 'reg_bu': 0, 'reg_bi': 0}",1,True,641,0.056,0.10000000000000082,0,0
0.7042869365007438,0.6878474745531469,0.6938463030580544,0.6953269047039816,0.0067925504884426575,56,1.4906284809112549,0.026835581377512328,0.10431536038716634,0.006200857793459473,"{'n_factors': 1, 'cache_ratings': 'True', 'n_epochs': 641, 'lr_all': 0.057, 'reg_all': 0.10000000000000082, 'reg_bu': 0, 'reg_bi': 0}",1,True,641,0.057,0.10000000000000082,0,0
0.7046539724481998,0.6880060464812836,0.694012705979751,0.6955575749697448,0.0068837162878377595,57,1.5311028957366943,0.0774104787264376,0.08935666084289551,0.010263823556023911,"{'n_factors': 1, 'cache_ratings': 'True', 'n_epochs': 641, 'lr_all': 0.058, 'reg_all': 0.10000000000000082, 'reg_bu': 0, 'reg_bi': 0}",1,True,641,0.058,0.10000000000000082,0,0
0.7050730398692819,0.6883571971745511,0.6943321154547041,0.6959207841661791,0.006916056219882397,58,1.4911305904388428,0.03869452445145508,0.10137104988098145,0.00499055075238758,"{'n_factors': 1, 'cache_ratings': 'True', 'n_epochs': 641, 'lr_all': 0.059000000000000004, 'reg_all': 0.10000000000000082, 'reg_bu': 0, 'reg_bi': 0}",1,True,641,0.059000000000000004,0.10000000000000082,0,0
0.7054603978167953,0.688692404340558,0.694713872415853,0.6962888915244022,0.006935508402369399,59,1.523694594701131,0.04207956479640032,0.09864234924316406,0.006470834015265447,"{'n_factors': 1, 'cache_ratings': 'True', 'n_epochs': 641, 'lr_all': 0.06, 'reg_all': 0.10000000000000082, 'reg_bu': 0, 'reg_bi': 0}",1,True,641,0.06,0.10000000000000082,0,0
0.7058538866953554,0.6887835855508536,0.694986697197096,0.6965413898144351,0.007055097312903213,60,1.5519977410634358,0.05099938070169737,0.09243233998616536,0.003913380906518856,"{'n_factors': 1, 'cache_ratings': 'True', 'n_epochs': 641, 'lr_all': 0.061, 'reg_all': 0.10000000000000082, 'reg_bu': 0, 'reg_bi': 0}",1,True,641,0.061,0.10000000000000082,0,0
0.7062584337400858,0.6891496528278193,0.6952572129272002,0.696888433165035,0.007079230451314391,61,1.4734889666239421,0.02926109697797271,0.09392269452412923,0.005101252106110338,"{'n_factors': 1, 'cache_ratings': 'True', 'n_epochs': 641, 'lr_all': 0.062, 'reg_all': 0.10000000000000082, 'reg_bu': 0, 'reg_bi': 0}",1,True,641,0.062,0.10000000000000082,0,0
0.7066347906319945,0.6893859614157322,0.695581285847891,0.6972006792985392,0.007134299951359314,62,1.4827560583750408,0.043818832837866174,0.09981942176818848,0.010088126969689132,"{'n_factors': 1, 'cache_ratings': 'True', 'n_epochs': 641, 'lr_all': 0.063, 'reg_all': 0.10000000000000082, 'reg_bu': 0, 'reg_bi': 0}",1,True,641,0.063,0.10000000000000082,0,0
0.7070497493937649,0.6894791877359748,0.6958670708770126,0.6974653360022507,0.007261634242164532,63,1.5014782746632893,0.008974070470325316,0.10732102394104004,0.0036904197106103396,"{'n_factors': 1, 'cache_ratings': 'True', 'n_epochs': 641, 'lr_all': 0.064, 'reg_all': 0.10000000000000082, 'reg_bu': 0, 'reg_bi': 0}",1,True,641,0.064,0.10000000000000082,0,0
0.7074542053509695,0.68979063146886,0.6961770912847772,0.6978073093682022,0.0073026784502596255,64,1.505937655766805,0.0034417254434699223,0.09406065940856934,0.0031257071324028965,"{'n_factors': 1, 'cache_ratings': 'True', 'n_epochs': 641, 'lr_all': 0.065, 'reg_all': 0.10000000000000082, 'reg_bu': 0, 'reg_bi': 0}",1,True,641,0.065,0.10000000000000082,0,0
0.7078860992482999,0.6901356119775197,0.6965852175665576,0.698202309597459,0.007336265606098536,66,1.5098109245300293,0.019939953993367305,0.0953837235768636,0.005397881411774769,"{'n_factors': 1, 'cache_ratings': 'True', 'n_epochs': 641, 'lr_all': 0.066, 'reg_all': 0.10000000000000082, 'reg_bu': 0, 'reg_bi': 0}",1,True,641,0.066,0.10000000000000082,0,0
0.7082981044137424,0.6902722713180959,0.6969207469348158,0.6984970408888848,0.007442947071792293,67,1.5014147758483887,0.015691096575529664,0.1023562749226888,0.005573826139749433,"{'n_factors': 1, 'cache_ratings': 'True', 'n_epochs': 641, 'lr_all': 0.067, 'reg_all': 0.10000000000000082, 'reg_bu': 0, 'reg_bi': 0}",1,True,641,0.067,0.10000000000000082,0,0
0.7087170676087485,0.6907820391691982,0.6972845774863542,0.698927894754767,0.00741357673530428,68,1.5097215175628662,0.020044017323268177,0.09856740633646648,0.014747229002516057,"{'n_factors': 1, 'cache_ratings': 'True', 'n_epochs': 641, 'lr_all': 0.068, 'reg_all': 0.10000000000000082, 'reg_bu': 0, 'reg_bi': 0}",1,True,641,0.068,0.10000000000000082,0,0
0.7091416446815484,0.6909998947210197,0.6975839514724912,0.6992418302916864,0.007498541837892548,69,1.4983279705047607,0.006805018450142549,0.09368364016215007,0.007276905123869334,"{'n_factors': 1, 'cache_ratings': 'True', 'n_epochs': 641, 'lr_all': 0.069, 'reg_all': 0.10000000000000082, 'reg_bu': 0, 'reg_bi': 0}",1,True,641,0.069,0.10000000000000082,0,0
0.70957951483155,0.6912903145403686,0.6980020358375786,0.6996239550698324,0.007554101681413602,70,1.5074700514475505,0.031716912258029986,0.10908675193786621,0.009192789719031189,"{'n_factors': 1, 'cache_ratings': 'True', 'n_epochs': 641, 'lr_all': 0.07, 'reg_all': 0.10000000000000082, 'reg_bu': 0, 'reg_bi': 0}",1,True,641,0.07,0.10000000000000082,0,0
0.7100122210207466,0.6914035880728151,0.69831302878082,0.6999096126247939,0.007680369566882354,71,1.4990898768107097,0.0493489700291964,0.09923227628072102,0.008387645863129895,"{'n_factors': 1, 'cache_ratings': 'True', 'n_epochs': 641, 'lr_all': 0.07100000000000001, 'reg_all': 0.10000000000000082, 'reg_bu': 0, 'reg_bi': 0}",1,True,641,0.07100000000000001,0.10000000000000082,0,0
0.7104607701573198,0.6917366141309409,0.6986457868539042,0.7002810570473882,0.007731066600813385,72,1.5083980560302734,0.020105447356917452,0.09722479184468587,0.0033595787739162325,"{'n_factors': 1, 'cache_ratings': 'True', 'n_epochs': 641, 'lr_all': 0.07200000000000001, 'reg_all': 0.10000000000000082, 'reg_bu': 0, 'reg_bi': 0}",1,True,641,0.07200000000000001,0.10000000000000082,0,0
0.7108987803074909,0.6921038422096668,0.6989786543068579,0.7006604256080052,0.007764607333161655,73,1.4825739860534668,0.011625015421078796,0.09696594874064128,0.008406280594350264,"{'n_factors': 1, 'cache_ratings': 'True', 'n_epochs': 641, 'lr_all': 0.073, 'reg_all': 0.10000000000000082, 'reg_bu': 0, 'reg_bi': 0}",1,True,641,0.073,0.10000000000000082,0,0
0.711353835871702,0.6923209309981369,0.6993803024097746,0.7010183564265379,0.00785600758243526,74,1.4993762969970703,0.011764215228051435,0.08737222353617351,0.010393428968339747,"{'n_factors': 1, 'cache_ratings': 'True', 'n_epochs': 641, 'lr_all': 0.074, 'reg_all': 0.10000000000000082, 'reg_bu': 0, 'reg_bi': 0}",1,True,641,0.074,0.10000000000000082,0,0
0.7117865886469441,0.6925421011773626,0.6997322042113097,0.7013536313452055,0.007939745753889947,75,1.5561407407124836,0.04414746524395112,0.0938273270924886,0.005289623975138785,"{'n_factors': 1, 'cache_ratings': 'True', 'n_epochs': 641, 'lr_all': 0.075, 'reg_all': 0.10000000000000082, 'reg_bu': 0, 'reg_bi': 0}",1,True,641,0.075,0.10000000000000082,0,0
0.7122551261663636,0.6929534690864222,0.7000292593135804,0.7017459515221219,0.007972819058612551,76,1.566245714823405,0.0717589699732819,0.09407265981038411,0.003417020844466405,"{'n_factors': 1, 'cache_ratings': 'True', 'n_epochs': 641, 'lr_all': 0.076, 'reg_all': 0.10000000000000082, 'reg_bu': 0, 'reg_bi': 0}",1,True,641,0.076,0.10000000000000082,0,0
0.7127061767082739,0.6932046532712477,0.7004125500702633,0.7021077933499282,0.008051200383551808,77,1.5013327598571777,0.034433865985844456,0.10306223233540852,0.007615738573945134,"{'n_factors': 1, 'cache_ratings': 'True', 'n_epochs': 641, 'lr_all': 0.077, 'reg_all': 0.10000000000000082, 'reg_bu': 0, 'reg_bi': 0}",1,True,641,0.077,0.10000000000000082,0,0
0.7131797578634828,0.6934864562304036,0.7008188713209613,0.7024950284716159,0.00812664996162327,78,1.5141088962554932,0.06274595091089272,0.09481159845987956,0.0085667207700485,"{'n_factors': 1, 'cache_ratings': 'True', 'n_epochs': 641, 'lr_all': 0.078, 'reg_all': 0.10000000000000082, 'reg_bu': 0, 'reg_bi': 0}",1,True,641,0.078,0.10000000000000082,0,0
0.7136421768926977,0.6938188720271435,0.7012500320859012,0.7029036936685807,0.008176869874660627,79,1.4666481018066406,0.009631524400609428,0.09539000193277995,0.0023270923575705645,"{'n_factors': 1, 'cache_ratings': 'True', 'n_epochs': 641, 'lr_all': 0.079, 'reg_all': 0.10000000000000082, 'reg_bu': 0, 'reg_bi': 0}",1,True,641,0.079,0.10000000000000082,0,0
0.7140963020206772,0.6942260444997472,0.701657201240892,0.7033265159204388,0.008197428137797499,80,1.5049752394358318,0.028863621121455272,0.1007223129272461,0.008791531414908495,"{'n_factors': 1, 'cache_ratings': 'True', 'n_epochs': 641, 'lr_all': 0.08, 'reg_all': 0.10000000000000082, 'reg_bu': 0, 'reg_bi': 0}",1,True,641,0.08,0.10000000000000082,0,0
0.7145747254919801,0.69436808092368,0.701976203008872,0.7036396698081774,0.008332765148164471,81,1.5056339899698894,0.011647256074705684,0.1019304593404134,0.00451372181869729,"{'n_factors': 1, 'cache_ratings': 'True', 'n_epochs': 641, 'lr_all': 0.081, 'reg_all': 0.10000000000000082, 'reg_bu': 0, 'reg_bi': 0}",1,True,641,0.081,0.10000000000000082,0,0
0.7150497440909931,0.6947444868238017,0.7023654458737538,0.704053225596183,0.00837505496361223,82,1.5131967067718506,0.006315215517460369,0.10476406415303548,0.0019124818345755748,"{'n_factors': 1, 'cache_ratings': 'True', 'n_epochs': 641, 'lr_all': 0.082, 'reg_all': 0.10000000000000082, 'reg_bu': 0, 'reg_bi': 0}",1,True,641,0.082,0.10000000000000082,0,0
0.7155258812523946,0.695161429580626,0.7028361295442664,0.7045078134590956,0.00839736539264047,83,1.4837144215901692,0.0371653735448698,0.11003390947977702,0.003176562178114155,"{'n_factors': 1, 'cache_ratings': 'True', 'n_epochs': 641, 'lr_all': 0.083, 'reg_all': 0.10000000000000082, 'reg_bu': 0, 'reg_bi': 0}",1,True,641,0.083,0.10000000000000082,0,0
0.7160223256859669,0.6953301788111538,0.7031509465504704,0.7048344836825304,0.00853100066535684,84,1.5385936896006267,0.016450551318026387,0.09897247950236003,0.009305283260201684,"{'n_factors': 1, 'cache_ratings': 'True', 'n_epochs': 641, 'lr_all': 0.084, 'reg_all': 0.10000000000000082, 'reg_bu': 0, 'reg_bi': 0}",1,True,641,0.084,0.10000000000000082,0,0
0.716495675408321,0.6957036859115672,0.7036379009507476,0.7052790874235453,0.008567256526533696,85,1.5186737378438313,0.02725691676802336,0.09223421414693196,0.003589499858634719,"{'n_factors': 1, 'cache_ratings': 'True', 'n_epochs': 641, 'lr_all': 0.085, 'reg_all': 0.10000000000000082, 'reg_bu': 0, 'reg_bi': 0}",1,True,641,0.085,0.10000000000000082,0,0
0.7169999711510454,0.6960514052484785,0.7039979878906631,0.7056831214300624,0.008634827140819635,86,1.4995407263437908,0.02609645509467148,0.09008439381917317,0.00441008769274528,"{'n_factors': 1, 'cache_ratings': 'True', 'n_epochs': 641, 'lr_all': 0.08600000000000001, 'reg_all': 0.10000000000000082, 'reg_bu': 0, 'reg_bi': 0}",1,True,641,0.08600000000000001,0.10000000000000082,0,0
0.7175053164677446,0.6962682540351219,0.7044243091263055,0.7060659598763906,0.008747360290614152,87,1.5047212441762288,0.008969056679555951,0.10828042030334473,0.00984578237577857,"{'n_factors': 1, 'cache_ratings': 'True', 'n_epochs': 641, 'lr_all': 0.08700000000000001, 'reg_all': 0.10000000000000082, 'reg_bu': 0, 'reg_bi': 0}",1,True,641,0.08700000000000001,0.10000000000000082,0,0
0.7179991096226647,0.6967409168881923,0.7048629017580313,0.7065343094229628,0.008758724879447814,88,1.573181947072347,0.10569440448533228,0.09673309326171875,0.010887993508853517,"{'n_factors': 1, 'cache_ratings': 'True', 'n_epochs': 641, 'lr_all': 0.088, 'reg_all': 0.10000000000000082, 'reg_bu': 0, 'reg_bi': 0}",1,True,641,0.088,0.10000000000000082,0,0
0.7184893136658747,0.6969754318881667,0.7053009838693283,0.7069219098077898,0.008857476237987957,89,1.5456884702046711,0.060417931201602514,0.10297338167826335,0.003779583524915487,"{'n_factors': 1, 'cache_ratings': 'True', 'n_epochs': 641, 'lr_all': 0.089, 'reg_all': 0.10000000000000082, 'reg_bu': 0, 'reg_bi': 0}",1,True,641,0.089,0.10000000000000082,0,0
0.7190088100087745,0.6974108038647707,0.705714458915149,0.7073780242628981,0.008895469056352216,90,1.5325920581817627,0.016464488871731322,0.09195526440938313,0.0026442683793622885,"{'n_factors': 1, 'cache_ratings': 'True', 'n_epochs': 641, 'lr_all': 0.09, 'reg_all': 0.10000000000000082, 'reg_bu': 0, 'reg_bi': 0}",1,True,641,0.09,0.10000000000000082,0,0
0.7195126092851216,0.6978009700143492,0.7061738682418249,0.7078291491804318,0.008940685514184542,91,1.4834003448486328,0.0040189169962815035,0.0969986120859782,0.005628941901466192,"{'n_factors': 1, 'cache_ratings': 'True', 'n_epochs': 641, 'lr_all': 0.091, 'reg_all': 0.10000000000000082, 'reg_bu': 0, 'reg_bi': 0}",1,True,641,0.091,0.10000000000000082,0,0
0.7200392118840647,0.6979905634802083,0.7066657025351596,0.7082318259664775,0.009069188903858777,92,1.5538973808288574,0.016511206584798443,0.1034701665242513,0.010173180587020665,"{'n_factors': 1, 'cache_ratings': 'True', 'n_epochs': 641, 'lr_all': 0.092, 'reg_all': 0.10000000000000082, 'reg_bu': 0, 'reg_bi': 0}",1,True,641,0.092,0.10000000000000082,0,0
0.7205547109810629,0.6983396998070303,0.70697245147801,0.7086222874220344,0.009143965199235517,93,1.5211934248606365,0.005524846886400895,0.10338632265726726,0.005384052658644781,"{'n_factors': 1, 'cache_ratings': 'True', 'n_epochs': 641, 'lr_all': 0.093, 'reg_all': 0.10000000000000082, 'reg_bu': 0, 'reg_bi': 0}",1,True,641,0.093,0.10000000000000082,0,0
0.7210779582082415,0.6987452686624382,0.7075108092900572,0.7091113453869123,0.00918725720532919,94,1.5104827086130779,0.014761548332939491,0.09366059303283691,0.010569706545333677,"{'n_factors': 1, 'cache_ratings': 'True', 'n_epochs': 641, 'lr_all': 0.094, 'reg_all': 0.10000000000000082, 'reg_bu': 0, 'reg_bi': 0}",1,True,641,0.094,0.10000000000000082,0,0
0.7216144806977285,0.6990562178688512,0.70796634347601,0.7095456806808631,0.009276836205271423,95,1.4870006243387859,0.05388138911988312,0.09680056571960449,0.004397408900859962,"{'n_factors': 1, 'cache_ratings': 'True', 'n_epochs': 641, 'lr_all': 0.095, 'reg_all': 0.10000000000000082, 'reg_bu': 0, 'reg_bi': 0}",1,True,641,0.095,0.10000000000000082,0,0
0.7221481513464622,0.6995381022097279,0.7084058358450709,0.7100306964670869,0.009301745697165962,96,1.5097434520721436,0.045300529352258145,0.11128942171732585,0.012642614234870075,"{'n_factors': 1, 'cache_ratings': 'True', 'n_epochs': 641, 'lr_all': 0.096, 'reg_all': 0.10000000000000082, 'reg_bu': 0, 'reg_bi': 0}",1,True,641,0.096,0.10000000000000082,0,0
0.722671112101525,0.6997004341185853,0.7088685211853297,0.7104133558018133,0.009441147431790005,97,1.5299866994222004,0.06301592109603198,0.09224414825439453,0.006639195817429921,"{'n_factors': 1, 'cache_ratings': 'True', 'n_epochs': 641, 'lr_all': 0.097, 'reg_all': 0.10000000000000082, 'reg_bu': 0, 'reg_bi': 0}",1,True,641,0.097,0.10000000000000082,0,0
0.7232126761931865,0.7001395458587251,0.7092765362299553,0.7108762527606224,0.009487242507410613,98,1.469602346420288,0.011406311787235474,0.07420667012532552,0.007334289113161889,"{'n_factors': 1, 'cache_ratings': 'True', 'n_epochs': 641, 'lr_all': 0.098, 'reg_all': 0.10000000000000082, 'reg_bu': 0, 'reg_bi': 0}",1,True,641,0.098,0.10000000000000082,0,0
0.7237529416823737,0.7005260775150389,0.7097577508217113,0.7113455900063747,0.009548568120202428,99,1.473077932993571,0.02161310767063556,0.06790566444396973,0.0019279764159891705,"{'n_factors': 1, 'cache_ratings': 'True', 'n_epochs': 641, 'lr_all': 0.099, 'reg_all': 0.10000000000000082, 'reg_bu': 0, 'reg_bi': 0}",1,True,641,0.099,0.10000000000000082,0,0
0.7243060034254258,0.7009262268684296,0.7102321788382965,0.7118214697107174,0.009610684057222887,100,1.3304260571797688,0.07304048471884209,0.07377235094706218,0.006396739678402133,"{'n_factors': 1, 'cache_ratings': 'True', 'n_epochs': 641, 'lr_all': 0.1, 'reg_all': 0.10000000000000082, 'reg_bu': 0, 'reg_bi': 0}",1,True,641,0.1,0.10000000000000082,0,0
